INSERT INTO ACCOUNT_INFO(USER_ID, ACCOUNT_NUM) VALUES('11','1000-01')
INSERT INTO ACCOUNT_INFO(USER_ID, ACCOUNT_NUM) VALUES('6','1000-02')
INSERT INTO ACCOUNT_INFO(USER_ID, ACCOUNT_NUM) VALUES('19','1000-03')
INSERT INTO ACCOUNT_INFO(USER_ID, ACCOUNT_NUM) VALUES('20','1000-04')
INSERT INTO ACCOUNT_INFO(USER_ID, ACCOUNT_NUM) VALUES('11','1000-05')
INSERT INTO ACCOUNT_INFO(USER_ID, ACCOUNT_NUM) VALUES('7','1000-06')
INSERT INTO ACCOUNT_INFO(USER_ID, ACCOUNT_NUM) VALUES('18','1000-07')
INSERT INTO ACCOUNT_INFO(USER_ID, ACCOUNT_NUM) VALUES('13','1000-08')
INSERT INTO ACCOUNT_INFO(USER_ID, ACCOUNT_NUM) VALUES('7','1000-09')
INSERT INTO ACCOUNT_INFO(USER_ID, ACCOUNT_NUM) VALUES('18','1000-10')
INSERT INTO ACCOUNT_INFO(USER_ID, ACCOUNT_NUM) VALUES('15','1000-11')
INSERT INTO ACCOUNT_INFO(USER_ID, ACCOUNT_NUM) VALUES('14','1000-12')
INSERT INTO ACCOUNT_INFO(USER_ID, ACCOUNT_NUM) VALUES('19','1000-13')
INSERT INTO ACCOUNT_INFO(USER_ID, ACCOUNT_NUM) VALUES('7','1000-14')
INSERT INTO ACCOUNT_INFO(USER_ID, ACCOUNT_NUM) VALUES('17','1000-15')
INSERT INTO ACCOUNT_INFO(USER_ID, ACCOUNT_NUM) VALUES('20','1000-16')
INSERT INTO ACCOUNT_INFO(USER_ID, ACCOUNT_NUM) VALUES('9','1000-17')
INSERT INTO ACCOUNT_INFO(USER_ID, ACCOUNT_NUM) VALUES('7','1000-18')
INSERT INTO ACCOUNT_INFO(USER_ID, ACCOUNT_NUM) VALUES('7','1000-19')
INSERT INTO ACCOUNT_INFO(USER_ID, ACCOUNT_NUM) VALUES('6','1000-20')
INSERT INTO ACCOUNT_INFO(USER_ID, ACCOUNT_NUM) VALUES('9','1000-21')
INSERT INTO ACCOUNT_INFO(USER_ID, ACCOUNT_NUM) VALUES('1','1000-22')
INSERT INTO ACCOUNT_INFO(USER_ID, ACCOUNT_NUM) VALUES('2','1000-23')
INSERT INTO ACCOUNT_INFO(USER_ID, ACCOUNT_NUM) VALUES('4','1000-24')
INSERT INTO ACCOUNT_INFO(USER_ID, ACCOUNT_NUM) VALUES('10','1000-25')
INSERT INTO ACCOUNT_INFO(USER_ID, ACCOUNT_NUM) VALUES('15','1000-26')
INSERT INTO ACCOUNT_INFO(USER_ID, ACCOUNT_NUM) VALUES('14','1000-27')
INSERT INTO ACCOUNT_INFO(USER_ID, ACCOUNT_NUM) VALUES('5','1000-28')
INSERT INTO ACCOUNT_INFO(USER_ID, ACCOUNT_NUM) VALUES('2','1000-29')
INSERT INTO ACCOUNT_INFO(USER_ID, ACCOUNT_NUM) VALUES('19','1000-30')
INSERT INTO ACCOUNT_INFO(USER_ID, ACCOUNT_NUM) VALUES('20','1000-31')
INSERT INTO ACCOUNT_INFO(USER_ID, ACCOUNT_NUM) VALUES('12','1000-32')
INSERT INTO ACCOUNT_INFO(USER_ID, ACCOUNT_NUM) VALUES('20','1000-33')
INSERT INTO ACCOUNT_INFO(USER_ID, ACCOUNT_NUM) VALUES('3','1000-34')
INSERT INTO ACCOUNT_INFO(USER_ID, ACCOUNT_NUM) VALUES('10','1000-35')
INSERT INTO ACCOUNT_INFO(USER_ID, ACCOUNT_NUM) VALUES('16','1000-36')
INSERT INTO ACCOUNT_INFO(USER_ID, ACCOUNT_NUM) VALUES('6','1000-37')
INSERT INTO ACCOUNT_INFO(USER_ID, ACCOUNT_NUM) VALUES('2','1000-38')
INSERT INTO ACCOUNT_INFO(USER_ID, ACCOUNT_NUM) VALUES('18','1000-39')
INSERT INTO ACCOUNT_INFO(USER_ID, ACCOUNT_NUM) VALUES('18','1000-40')
INSERT INTO ACCOUNT_INFO(USER_ID, ACCOUNT_NUM) VALUES('13','1000-41')
INSERT INTO ACCOUNT_INFO(USER_ID, ACCOUNT_NUM) VALUES('11','1000-42')
INSERT INTO ACCOUNT_INFO(USER_ID, ACCOUNT_NUM) VALUES('5','1000-43')
INSERT INTO ACCOUNT_INFO(USER_ID, ACCOUNT_NUM) VALUES('19','1000-44')
INSERT INTO ACCOUNT_INFO(USER_ID, ACCOUNT_NUM) VALUES('8','1000-45')
INSERT INTO ACCOUNT_INFO(USER_ID, ACCOUNT_NUM) VALUES('1','1000-46')
INSERT INTO ACCOUNT_INFO(USER_ID, ACCOUNT_NUM) VALUES('10','1000-47')
INSERT INTO ACCOUNT_INFO(USER_ID, ACCOUNT_NUM) VALUES('14','1000-48')
INSERT INTO ACCOUNT_INFO(USER_ID, ACCOUNT_NUM) VALUES('17','1000-49')
INSERT INTO ACCOUNT_INFO(USER_ID, ACCOUNT_NUM) VALUES('8','1000-50')
INSERT INTO USER_INFO(USER_ID, USER_NAME, USER_AGE, USER_JOIN_DATE) VALUES('1', 'Liam', '63',	parsedatetime('2016-11-05', 'yyyy-MM-dd'))
INSERT INTO USER_INFO(USER_ID, USER_NAME, USER_AGE, USER_JOIN_DATE) VALUES('2', 'Noah', '38', parsedatetime('2017-10-12', 'yyyy-MM-dd'))
INSERT INTO USER_INFO(USER_ID, USER_NAME, USER_AGE, USER_JOIN_DATE) VALUES('3', 'Oliver', '19', parsedatetime('2016-04-01', 'yyyy-MM-dd'))
INSERT INTO USER_INFO(USER_ID, USER_NAME, USER_AGE, USER_JOIN_DATE) VALUES('4', 'Elijah', '30', parsedatetime('2017-04-26', 'yyyy-MM-dd'))
INSERT INTO USER_INFO(USER_ID, USER_NAME, USER_AGE, USER_JOIN_DATE) VALUES('5', 'William', '12', parsedatetime('2016-03-01', 'yyyy-MM-dd'))
INSERT INTO USER_INFO(USER_ID, USER_NAME, USER_AGE, USER_JOIN_DATE) VALUES('6', 'James', '49', parsedatetime('2018-05-17', 'yyyy-MM-dd'))
INSERT INTO USER_INFO(USER_ID, USER_NAME, USER_AGE, USER_JOIN_DATE) VALUES('7', 'Benjamin', '31', parsedatetime('2017-12-29', 'yyyy-MM-dd'))
INSERT INTO USER_INFO(USER_ID, USER_NAME, USER_AGE, USER_JOIN_DATE) VALUES('8', 'Lucas', '15', parsedatetime('2016-06-13', 'yyyy-MM-dd'))
INSERT INTO USER_INFO(USER_ID, USER_NAME, USER_AGE, USER_JOIN_DATE) VALUES('9', 'Henry', '18', parsedatetime('2016-05-28', 'yyyy-MM-dd'))
INSERT INTO USER_INFO(USER_ID, USER_NAME, USER_AGE, USER_JOIN_DATE) VALUES('10', 'Alexander', '11', parsedatetime('2017-02-24', 'yyyy-MM-dd'))
INSERT INTO USER_INFO(USER_ID, USER_NAME, USER_AGE, USER_JOIN_DATE) VALUES('11', 'Olivia', '25', parsedatetime('2016-01-30', 'yyyy-MM-dd'))
INSERT INTO USER_INFO(USER_ID, USER_NAME, USER_AGE, USER_JOIN_DATE) VALUES('12', 'Emma', '52', parsedatetime('2016-11-18', 'yyyy-MM-dd'))
INSERT INTO USER_INFO(USER_ID, USER_NAME, USER_AGE, USER_JOIN_DATE) VALUES('13', 'Ava', '77', parsedatetime('2016-04-12', 'yyyy-MM-dd'))
INSERT INTO USER_INFO(USER_ID, USER_NAME, USER_AGE, USER_JOIN_DATE) VALUES('14', 'Charlotte', '33', parsedatetime('2016-12-30', 'yyyy-MM-dd'))
INSERT INTO USER_INFO(USER_ID, USER_NAME, USER_AGE, USER_JOIN_DATE) VALUES('15', 'Sophia', '63', parsedatetime('2017-05-20', 'yyyy-MM-dd'))
INSERT INTO USER_INFO(USER_ID, USER_NAME, USER_AGE, USER_JOIN_DATE) VALUES('16', 'Amelia', '68', parsedatetime('2018-03-06', 'yyyy-MM-dd'))
INSERT INTO USER_INFO(USER_ID, USER_NAME, USER_AGE, USER_JOIN_DATE) VALUES('17', 'Isabella', '37', parsedatetime('2016-03-25', 'yyyy-MM-dd'))
INSERT INTO USER_INFO(USER_ID, USER_NAME, USER_AGE, USER_JOIN_DATE) VALUES('18', 'Mia', '67', parsedatetime('2016-10-30', 'yyyy-MM-dd'))
INSERT INTO USER_INFO(USER_ID, USER_NAME, USER_AGE, USER_JOIN_DATE) VALUES('19', 'Evelyn', '28', parsedatetime('2016-03-02', 'yyyy-MM-dd'))
INSERT INTO USER_INFO(USER_ID, USER_NAME, USER_AGE, USER_JOIN_DATE) VALUES('20', 'Harper', '15', parsedatetime('2018-03-15', 'yyyy-MM-dd'))
INSERT INTO ACCOUNT_HISTORY(ACCOUNT_NUM, WITHDRAWL_YN, WITHDRAWL_AMOUNT, WITHDRAWL_DATE) VALUES('1000-01', 'Y', '336700', parsedatetime('2019-08-26', 'yyyy-MM-dd'))
INSERT INTO ACCOUNT_HISTORY(ACCOUNT_NUM, WITHDRAWL_YN, WITHDRAWL_AMOUNT, WITHDRAWL_DATE) VALUES('1000-02', 'Y', '911600', parsedatetime('2019-06-05', 'yyyy-MM-dd'))
INSERT INTO ACCOUNT_HISTORY(ACCOUNT_NUM, WITHDRAWL_YN, WITHDRAWL_AMOUNT, WITHDRAWL_DATE) VALUES('1000-03', 'Y', '997700', parsedatetime('2020-09-09', 'yyyy-MM-dd'))
INSERT INTO ACCOUNT_HISTORY(ACCOUNT_NUM, WITHDRAWL_YN, WITHDRAWL_AMOUNT, WITHDRAWL_DATE) VALUES('1000-04', 'Y', '709500', parsedatetime('2019-05-06', 'yyyy-MM-dd'))
INSERT INTO ACCOUNT_HISTORY(ACCOUNT_NUM, WITHDRAWL_YN, WITHDRAWL_AMOUNT, WITHDRAWL_DATE) VALUES('1000-05', 'N', '483600', parsedatetime('2021-08-11', 'yyyy-MM-dd'))
INSERT INTO ACCOUNT_HISTORY(ACCOUNT_NUM, WITHDRAWL_YN, WITHDRAWL_AMOUNT, WITHDRAWL_DATE) VALUES('1000-06', 'N', '143000', parsedatetime('2020-06-28', 'yyyy-MM-dd'))
INSERT INTO ACCOUNT_HISTORY(ACCOUNT_NUM, WITHDRAWL_YN, WITHDRAWL_AMOUNT, WITHDRAWL_DATE) VALUES('1000-07', 'N', '9800', parsedatetime('2020-04-25', 'yyyy-MM-dd'))
INSERT INTO ACCOUNT_HISTORY(ACCOUNT_NUM, WITHDRAWL_YN, WITHDRAWL_AMOUNT, WITHDRAWL_DATE) VALUES('1000-08', 'Y', '482600', parsedatetime('2021-04-23', 'yyyy-MM-dd'))
INSERT INTO ACCOUNT_HISTORY(ACCOUNT_NUM, WITHDRAWL_YN, WITHDRAWL_AMOUNT, WITHDRAWL_DATE) VALUES('1000-09', 'Y', '350200', parsedatetime('2021-05-01', 'yyyy-MM-dd'))
INSERT INTO ACCOUNT_HISTORY(ACCOUNT_NUM, WITHDRAWL_YN, WITHDRAWL_AMOUNT, WITHDRAWL_DATE) VALUES('1000-10', 'N', '335100', parsedatetime('2021-06-04', 'yyyy-MM-dd'))
INSERT INTO ACCOUNT_HISTORY(ACCOUNT_NUM, WITHDRAWL_YN, WITHDRAWL_AMOUNT, WITHDRAWL_DATE) VALUES('1000-11', 'N', '108700', parsedatetime('2020-07-18', 'yyyy-MM-dd'))
INSERT INTO ACCOUNT_HISTORY(ACCOUNT_NUM, WITHDRAWL_YN, WITHDRAWL_AMOUNT, WITHDRAWL_DATE) VALUES('1000-12', 'Y', '229700', parsedatetime('2019-07-17', 'yyyy-MM-dd'))
INSERT INTO ACCOUNT_HISTORY(ACCOUNT_NUM, WITHDRAWL_YN, WITHDRAWL_AMOUNT, WITHDRAWL_DATE) VALUES('1000-13', 'Y', '500100', parsedatetime('2019-12-20', 'yyyy-MM-dd'))
INSERT INTO ACCOUNT_HISTORY(ACCOUNT_NUM, WITHDRAWL_YN, WITHDRAWL_AMOUNT, WITHDRAWL_DATE) VALUES('1000-14', 'Y', '446600', parsedatetime('2020-04-26', 'yyyy-MM-dd'))
INSERT INTO ACCOUNT_HISTORY(ACCOUNT_NUM, WITHDRAWL_YN, WITHDRAWL_AMOUNT, WITHDRAWL_DATE) VALUES('1000-15', 'Y', '487600', parsedatetime('2019-10-17', 'yyyy-MM-dd'))
INSERT INTO ACCOUNT_HISTORY(ACCOUNT_NUM, WITHDRAWL_YN, WITHDRAWL_AMOUNT, WITHDRAWL_DATE) VALUES('1000-16', 'Y', '790400', parsedatetime('2019-09-03', 'yyyy-MM-dd'))
INSERT INTO ACCOUNT_HISTORY(ACCOUNT_NUM, WITHDRAWL_YN, WITHDRAWL_AMOUNT, WITHDRAWL_DATE) VALUES('1000-17', 'Y', '642100', parsedatetime('2019-08-29', 'yyyy-MM-dd'))
INSERT INTO ACCOUNT_HISTORY(ACCOUNT_NUM, WITHDRAWL_YN, WITHDRAWL_AMOUNT, WITHDRAWL_DATE) VALUES('1000-18', 'Y', '395500', parsedatetime('2020-01-19', 'yyyy-MM-dd'))
INSERT INTO ACCOUNT_HISTORY(ACCOUNT_NUM, WITHDRAWL_YN, WITHDRAWL_AMOUNT, WITHDRAWL_DATE) VALUES('1000-19', 'Y', '272500', parsedatetime('2021-07-26', 'yyyy-MM-dd'))
INSERT INTO ACCOUNT_HISTORY(ACCOUNT_NUM, WITHDRAWL_YN, WITHDRAWL_AMOUNT, WITHDRAWL_DATE) VALUES('1000-20', 'Y', '151100', parsedatetime('2019-07-25', 'yyyy-MM-dd'))
INSERT INTO ACCOUNT_HISTORY(ACCOUNT_NUM, WITHDRAWL_YN, WITHDRAWL_AMOUNT, WITHDRAWL_DATE) VALUES('1000-21', 'N', '624400', parsedatetime('2021-03-10', 'yyyy-MM-dd'))
INSERT INTO ACCOUNT_HISTORY(ACCOUNT_NUM, WITHDRAWL_YN, WITHDRAWL_AMOUNT, WITHDRAWL_DATE) VALUES('1000-22', 'Y', '457900', parsedatetime('2021-03-11', 'yyyy-MM-dd'))
INSERT INTO ACCOUNT_HISTORY(ACCOUNT_NUM, WITHDRAWL_YN, WITHDRAWL_AMOUNT, WITHDRAWL_DATE) VALUES('1000-23', 'Y', '177400', parsedatetime('2019-08-01', 'yyyy-MM-dd'))
INSERT INTO ACCOUNT_HISTORY(ACCOUNT_NUM, WITHDRAWL_YN, WITHDRAWL_AMOUNT, WITHDRAWL_DATE) VALUES('1000-24', 'N', '449000', parsedatetime('2020-04-08', 'yyyy-MM-dd'))
INSERT INTO ACCOUNT_HISTORY(ACCOUNT_NUM, WITHDRAWL_YN, WITHDRAWL_AMOUNT, WITHDRAWL_DATE) VALUES('1000-25', 'Y', '348700', parsedatetime('2020-06-14', 'yyyy-MM-dd'))
INSERT INTO ACCOUNT_HISTORY(ACCOUNT_NUM, WITHDRAWL_YN, WITHDRAWL_AMOUNT, WITHDRAWL_DATE) VALUES('1000-26', 'N', '658900', parsedatetime('2021-01-03', 'yyyy-MM-dd'))
INSERT INTO ACCOUNT_HISTORY(ACCOUNT_NUM, WITHDRAWL_YN, WITHDRAWL_AMOUNT, WITHDRAWL_DATE) VALUES('1000-27', 'Y', '585500', parsedatetime('2020-07-11', 'yyyy-MM-dd'))
INSERT INTO ACCOUNT_HISTORY(ACCOUNT_NUM, WITHDRAWL_YN, WITHDRAWL_AMOUNT, WITHDRAWL_DATE) VALUES('1000-28', 'N', '97400', parsedatetime('2021-02-23', 'yyyy-MM-dd'))
INSERT INTO ACCOUNT_HISTORY(ACCOUNT_NUM, WITHDRAWL_YN, WITHDRAWL_AMOUNT, WITHDRAWL_DATE) VALUES('1000-29', 'Y', '77200', parsedatetime('2019-08-30', 'yyyy-MM-dd'))
INSERT INTO ACCOUNT_HISTORY(ACCOUNT_NUM, WITHDRAWL_YN, WITHDRAWL_AMOUNT, WITHDRAWL_DATE) VALUES('1000-30', 'Y', '983600', parsedatetime('2021-01-08', 'yyyy-MM-dd'))
INSERT INTO ACCOUNT_HISTORY(ACCOUNT_NUM, WITHDRAWL_YN, WITHDRAWL_AMOUNT, WITHDRAWL_DATE) VALUES('1000-31', 'Y', '597600', parsedatetime('2020-12-05', 'yyyy-MM-dd'))
INSERT INTO ACCOUNT_HISTORY(ACCOUNT_NUM, WITHDRAWL_YN, WITHDRAWL_AMOUNT, WITHDRAWL_DATE) VALUES('1000-32', 'Y', '488100', parsedatetime('2020-12-11', 'yyyy-MM-dd'))
INSERT INTO ACCOUNT_HISTORY(ACCOUNT_NUM, WITHDRAWL_YN, WITHDRAWL_AMOUNT, WITHDRAWL_DATE) VALUES('1000-33', 'Y', '977000', parsedatetime('2021-05-25', 'yyyy-MM-dd'))
INSERT INTO ACCOUNT_HISTORY(ACCOUNT_NUM, WITHDRAWL_YN, WITHDRAWL_AMOUNT, WITHDRAWL_DATE) VALUES('1000-34', 'Y', '621200', parsedatetime('2021-05-06', 'yyyy-MM-dd'))
INSERT INTO ACCOUNT_HISTORY(ACCOUNT_NUM, WITHDRAWL_YN, WITHDRAWL_AMOUNT, WITHDRAWL_DATE) VALUES('1000-35', 'N', '652300', parsedatetime('2020-03-11', 'yyyy-MM-dd'))
INSERT INTO ACCOUNT_HISTORY(ACCOUNT_NUM, WITHDRAWL_YN, WITHDRAWL_AMOUNT, WITHDRAWL_DATE) VALUES('1000-36', 'Y', '82100', parsedatetime('2020-05-20', 'yyyy-MM-dd'))
INSERT INTO ACCOUNT_HISTORY(ACCOUNT_NUM, WITHDRAWL_YN, WITHDRAWL_AMOUNT, WITHDRAWL_DATE) VALUES('1000-37', 'Y', '627600', parsedatetime('2019-12-29', 'yyyy-MM-dd'))
INSERT INTO ACCOUNT_HISTORY(ACCOUNT_NUM, WITHDRAWL_YN, WITHDRAWL_AMOUNT, WITHDRAWL_DATE) VALUES('1000-38', 'N', '771200', parsedatetime('2019-07-03', 'yyyy-MM-dd'))
INSERT INTO ACCOUNT_HISTORY(ACCOUNT_NUM, WITHDRAWL_YN, WITHDRAWL_AMOUNT, WITHDRAWL_DATE) VALUES('1000-39', 'Y', '684500', parsedatetime('2019-08-14', 'yyyy-MM-dd'))
INSERT INTO ACCOUNT_HISTORY(ACCOUNT_NUM, WITHDRAWL_YN, WITHDRAWL_AMOUNT, WITHDRAWL_DATE) VALUES('1000-40', 'Y', '911300', parsedatetime('2019-10-19', 'yyyy-MM-dd'))
INSERT INTO ACCOUNT_HISTORY(ACCOUNT_NUM, WITHDRAWL_YN, WITHDRAWL_AMOUNT, WITHDRAWL_DATE) VALUES('1000-41', 'Y', '614200', parsedatetime('2020-01-05', 'yyyy-MM-dd'))
INSERT INTO ACCOUNT_HISTORY(ACCOUNT_NUM, WITHDRAWL_YN, WITHDRAWL_AMOUNT, WITHDRAWL_DATE) VALUES('1000-42', 'Y', '241000', parsedatetime('2019-08-02', 'yyyy-MM-dd'))
INSERT INTO ACCOUNT_HISTORY(ACCOUNT_NUM, WITHDRAWL_YN, WITHDRAWL_AMOUNT, WITHDRAWL_DATE) VALUES('1000-43', 'Y', '930100', parsedatetime('2019-09-21', 'yyyy-MM-dd'))
INSERT INTO ACCOUNT_HISTORY(ACCOUNT_NUM, WITHDRAWL_YN, WITHDRAWL_AMOUNT, WITHDRAWL_DATE) VALUES('1000-44', 'Y', '511300', parsedatetime('2020-06-17', 'yyyy-MM-dd'))
INSERT INTO ACCOUNT_HISTORY(ACCOUNT_NUM, WITHDRAWL_YN, WITHDRAWL_AMOUNT, WITHDRAWL_DATE) VALUES('1000-45', 'N', '317200', parsedatetime('2019-10-14', 'yyyy-MM-dd'))
INSERT INTO ACCOUNT_HISTORY(ACCOUNT_NUM, WITHDRAWL_YN, WITHDRAWL_AMOUNT, WITHDRAWL_DATE) VALUES('1000-46', 'N', '825800', parsedatetime('2019-11-07', 'yyyy-MM-dd'))
INSERT INTO ACCOUNT_HISTORY(ACCOUNT_NUM, WITHDRAWL_YN, WITHDRAWL_AMOUNT, WITHDRAWL_DATE) VALUES('1000-47', 'Y', '757300', parsedatetime('2019-08-18', 'yyyy-MM-dd'))
INSERT INTO ACCOUNT_HISTORY(ACCOUNT_NUM, WITHDRAWL_YN, WITHDRAWL_AMOUNT, WITHDRAWL_DATE) VALUES('1000-48', 'N', '137900', parsedatetime('2020-11-03', 'yyyy-MM-dd'))
INSERT INTO ACCOUNT_HISTORY(ACCOUNT_NUM, WITHDRAWL_YN, WITHDRAWL_AMOUNT, WITHDRAWL_DATE) VALUES('1000-49', 'Y', '647500', parsedatetime('2019-04-16', 'yyyy-MM-dd'))
INSERT INTO ACCOUNT_HISTORY(ACCOUNT_NUM, WITHDRAWL_YN, WITHDRAWL_AMOUNT, WITHDRAWL_DATE) VALUES('1000-50', 'Y', '377100', parsedatetime('2021-05-15', 'yyyy-MM-dd'))
INSERT INTO ACCOUNT_HISTORY(ACCOUNT_NUM, WITHDRAWL_YN, WITHDRAWL_AMOUNT, WITHDRAWL_DATE) VALUES('1000-01', 'N', '409000', parsedatetime('2019-04-11', 'yyyy-MM-dd'))
INSERT INTO ACCOUNT_HISTORY(ACCOUNT_NUM, WITHDRAWL_YN, WITHDRAWL_AMOUNT, WITHDRAWL_DATE) VALUES('1000-02', 'Y', '259100', parsedatetime('2021-09-12', 'yyyy-MM-dd'))
INSERT INTO ACCOUNT_HISTORY(ACCOUNT_NUM, WITHDRAWL_YN, WITHDRAWL_AMOUNT, WITHDRAWL_DATE) VALUES('1000-03', 'Y', '33900', parsedatetime('2020-02-17', 'yyyy-MM-dd'))
INSERT INTO ACCOUNT_HISTORY(ACCOUNT_NUM, WITHDRAWL_YN, WITHDRAWL_AMOUNT, WITHDRAWL_DATE) VALUES('1000-04', 'Y', '867500', parsedatetime('2021-08-15', 'yyyy-MM-dd'))
INSERT INTO ACCOUNT_HISTORY(ACCOUNT_NUM, WITHDRAWL_YN, WITHDRAWL_AMOUNT, WITHDRAWL_DATE) VALUES('1000-05', 'Y', '469900', parsedatetime('2020-11-14', 'yyyy-MM-dd'))
INSERT INTO ACCOUNT_HISTORY(ACCOUNT_NUM, WITHDRAWL_YN, WITHDRAWL_AMOUNT, WITHDRAWL_DATE) VALUES('1000-06', 'Y', '226000', parsedatetime('2021-09-01', 'yyyy-MM-dd'))
INSERT INTO ACCOUNT_HISTORY(ACCOUNT_NUM, WITHDRAWL_YN, WITHDRAWL_AMOUNT, WITHDRAWL_DATE) VALUES('1000-07', 'Y', '884200', parsedatetime('2021-07-29', 'yyyy-MM-dd'))
INSERT INTO ACCOUNT_HISTORY(ACCOUNT_NUM, WITHDRAWL_YN, WITHDRAWL_AMOUNT, WITHDRAWL_DATE) VALUES('1000-08', 'Y', '486500', parsedatetime('2020-09-12', 'yyyy-MM-dd'))
INSERT INTO ACCOUNT_HISTORY(ACCOUNT_NUM, WITHDRAWL_YN, WITHDRAWL_AMOUNT, WITHDRAWL_DATE) VALUES('1000-09', 'N', '545100', parsedatetime('2021-09-19', 'yyyy-MM-dd'))
INSERT INTO ACCOUNT_HISTORY(ACCOUNT_NUM, WITHDRAWL_YN, WITHDRAWL_AMOUNT, WITHDRAWL_DATE) VALUES('1000-10', 'Y', '592900', parsedatetime('2020-04-02', 'yyyy-MM-dd'))
INSERT INTO ACCOUNT_HISTORY(ACCOUNT_NUM, WITHDRAWL_YN, WITHDRAWL_AMOUNT, WITHDRAWL_DATE) VALUES('1000-11', 'N', '376500', parsedatetime('2019-02-26', 'yyyy-MM-dd'))
INSERT INTO ACCOUNT_HISTORY(ACCOUNT_NUM, WITHDRAWL_YN, WITHDRAWL_AMOUNT, WITHDRAWL_DATE) VALUES('1000-12', 'N', '813300', parsedatetime('2020-09-14', 'yyyy-MM-dd'))
INSERT INTO ACCOUNT_HISTORY(ACCOUNT_NUM, WITHDRAWL_YN, WITHDRAWL_AMOUNT, WITHDRAWL_DATE) VALUES('1000-13', 'Y', '666100', parsedatetime('2020-09-20', 'yyyy-MM-dd'))
INSERT INTO ACCOUNT_HISTORY(ACCOUNT_NUM, WITHDRAWL_YN, WITHDRAWL_AMOUNT, WITHDRAWL_DATE) VALUES('1000-14', 'N', '27600', parsedatetime('2019-12-27', 'yyyy-MM-dd'))
INSERT INTO ACCOUNT_HISTORY(ACCOUNT_NUM, WITHDRAWL_YN, WITHDRAWL_AMOUNT, WITHDRAWL_DATE) VALUES('1000-15', 'Y', '158800', parsedatetime('2020-01-17', 'yyyy-MM-dd'))
INSERT INTO ACCOUNT_HISTORY(ACCOUNT_NUM, WITHDRAWL_YN, WITHDRAWL_AMOUNT, WITHDRAWL_DATE) VALUES('1000-16', 'Y', '337700', parsedatetime('2020-11-10', 'yyyy-MM-dd'))
INSERT INTO ACCOUNT_HISTORY(ACCOUNT_NUM, WITHDRAWL_YN, WITHDRAWL_AMOUNT, WITHDRAWL_DATE) VALUES('1000-17', 'N', '812900', parsedatetime('2021-08-13', 'yyyy-MM-dd'))
INSERT INTO ACCOUNT_HISTORY(ACCOUNT_NUM, WITHDRAWL_YN, WITHDRAWL_AMOUNT, WITHDRAWL_DATE) VALUES('1000-18', 'N', '485100', parsedatetime('2021-01-14', 'yyyy-MM-dd'))
INSERT INTO ACCOUNT_HISTORY(ACCOUNT_NUM, WITHDRAWL_YN, WITHDRAWL_AMOUNT, WITHDRAWL_DATE) VALUES('1000-19', 'N', '238100', parsedatetime('2021-04-27', 'yyyy-MM-dd'))
INSERT INTO ACCOUNT_HISTORY(ACCOUNT_NUM, WITHDRAWL_YN, WITHDRAWL_AMOUNT, WITHDRAWL_DATE) VALUES('1000-20', 'Y', '701200', parsedatetime('2019-08-11', 'yyyy-MM-dd'))
INSERT INTO ACCOUNT_HISTORY(ACCOUNT_NUM, WITHDRAWL_YN, WITHDRAWL_AMOUNT, WITHDRAWL_DATE) VALUES('1000-21', 'N', '856500', parsedatetime('2020-10-09', 'yyyy-MM-dd'))
INSERT INTO ACCOUNT_HISTORY(ACCOUNT_NUM, WITHDRAWL_YN, WITHDRAWL_AMOUNT, WITHDRAWL_DATE) VALUES('1000-22', 'Y', '494900', parsedatetime('2020-06-22', 'yyyy-MM-dd'))
INSERT INTO ACCOUNT_HISTORY(ACCOUNT_NUM, WITHDRAWL_YN, WITHDRAWL_AMOUNT, WITHDRAWL_DATE) VALUES('1000-23', 'N', '994300', parsedatetime('2021-02-19', 'yyyy-MM-dd'))
INSERT INTO ACCOUNT_HISTORY(ACCOUNT_NUM, WITHDRAWL_YN, WITHDRAWL_AMOUNT, WITHDRAWL_DATE) VALUES('1000-24', 'Y', '337300', parsedatetime('2020-06-12', 'yyyy-MM-dd'))
INSERT INTO ACCOUNT_HISTORY(ACCOUNT_NUM, WITHDRAWL_YN, WITHDRAWL_AMOUNT, WITHDRAWL_DATE) VALUES('1000-25', 'Y', '440900', parsedatetime('2019-05-06', 'yyyy-MM-dd'))
INSERT INTO ACCOUNT_HISTORY(ACCOUNT_NUM, WITHDRAWL_YN, WITHDRAWL_AMOUNT, WITHDRAWL_DATE) VALUES('1000-26', 'N', '979100', parsedatetime('2021-01-30', 'yyyy-MM-dd'))
INSERT INTO ACCOUNT_HISTORY(ACCOUNT_NUM, WITHDRAWL_YN, WITHDRAWL_AMOUNT, WITHDRAWL_DATE) VALUES('1000-27', 'N', '369600', parsedatetime('2019-05-13', 'yyyy-MM-dd'))
INSERT INTO ACCOUNT_HISTORY(ACCOUNT_NUM, WITHDRAWL_YN, WITHDRAWL_AMOUNT, WITHDRAWL_DATE) VALUES('1000-28', 'Y', '166600', parsedatetime('2020-12-26', 'yyyy-MM-dd'))
INSERT INTO ACCOUNT_HISTORY(ACCOUNT_NUM, WITHDRAWL_YN, WITHDRAWL_AMOUNT, WITHDRAWL_DATE) VALUES('1000-29', 'Y', '939000', parsedatetime('2019-05-30', 'yyyy-MM-dd'))
INSERT INTO ACCOUNT_HISTORY(ACCOUNT_NUM, WITHDRAWL_YN, WITHDRAWL_AMOUNT, WITHDRAWL_DATE) VALUES('1000-30', 'Y', '803800', parsedatetime('2019-10-08', 'yyyy-MM-dd'))
INSERT INTO ACCOUNT_HISTORY(ACCOUNT_NUM, WITHDRAWL_YN, WITHDRAWL_AMOUNT, WITHDRAWL_DATE) VALUES('1000-31', 'Y', '702000', parsedatetime('2020-03-11', 'yyyy-MM-dd'))
INSERT INTO ACCOUNT_HISTORY(ACCOUNT_NUM, WITHDRAWL_YN, WITHDRAWL_AMOUNT, WITHDRAWL_DATE) VALUES('1000-32', 'Y', '7700', parsedatetime('2020-09-22', 'yyyy-MM-dd'))
INSERT INTO ACCOUNT_HISTORY(ACCOUNT_NUM, WITHDRAWL_YN, WITHDRAWL_AMOUNT, WITHDRAWL_DATE) VALUES('1000-33', 'Y', '768100', parsedatetime('2020-09-18', 'yyyy-MM-dd'))
INSERT INTO ACCOUNT_HISTORY(ACCOUNT_NUM, WITHDRAWL_YN, WITHDRAWL_AMOUNT, WITHDRAWL_DATE) VALUES('1000-34', 'Y', '977600', parsedatetime('2019-10-04', 'yyyy-MM-dd'))
INSERT INTO ACCOUNT_HISTORY(ACCOUNT_NUM, WITHDRAWL_YN, WITHDRAWL_AMOUNT, WITHDRAWL_DATE) VALUES('1000-35', 'Y', '103100', parsedatetime('2019-05-07', 'yyyy-MM-dd'))
INSERT INTO ACCOUNT_HISTORY(ACCOUNT_NUM, WITHDRAWL_YN, WITHDRAWL_AMOUNT, WITHDRAWL_DATE) VALUES('1000-36', 'Y', '95300', parsedatetime('2019-12-01', 'yyyy-MM-dd'))
INSERT INTO ACCOUNT_HISTORY(ACCOUNT_NUM, WITHDRAWL_YN, WITHDRAWL_AMOUNT, WITHDRAWL_DATE) VALUES('1000-37', 'Y', '748300', parsedatetime('2021-07-25', 'yyyy-MM-dd'))
INSERT INTO ACCOUNT_HISTORY(ACCOUNT_NUM, WITHDRAWL_YN, WITHDRAWL_AMOUNT, WITHDRAWL_DATE) VALUES('1000-38', 'N', '588900', parsedatetime('2020-12-01', 'yyyy-MM-dd'))
INSERT INTO ACCOUNT_HISTORY(ACCOUNT_NUM, WITHDRAWL_YN, WITHDRAWL_AMOUNT, WITHDRAWL_DATE) VALUES('1000-39', 'Y', '150100', parsedatetime('2019-08-09', 'yyyy-MM-dd'))
INSERT INTO ACCOUNT_HISTORY(ACCOUNT_NUM, WITHDRAWL_YN, WITHDRAWL_AMOUNT, WITHDRAWL_DATE) VALUES('1000-40', 'N', '383800', parsedatetime('2020-03-17', 'yyyy-MM-dd'))
INSERT INTO ACCOUNT_HISTORY(ACCOUNT_NUM, WITHDRAWL_YN, WITHDRAWL_AMOUNT, WITHDRAWL_DATE) VALUES('1000-41', 'Y', '644000', parsedatetime('2019-12-28', 'yyyy-MM-dd'))
INSERT INTO ACCOUNT_HISTORY(ACCOUNT_NUM, WITHDRAWL_YN, WITHDRAWL_AMOUNT, WITHDRAWL_DATE) VALUES('1000-42', 'Y', '724600', parsedatetime('2019-07-19', 'yyyy-MM-dd'))
INSERT INTO ACCOUNT_HISTORY(ACCOUNT_NUM, WITHDRAWL_YN, WITHDRAWL_AMOUNT, WITHDRAWL_DATE) VALUES('1000-43', 'Y', '424900', parsedatetime('2019-07-14', 'yyyy-MM-dd'))
INSERT INTO ACCOUNT_HISTORY(ACCOUNT_NUM, WITHDRAWL_YN, WITHDRAWL_AMOUNT, WITHDRAWL_DATE) VALUES('1000-44', 'Y', '670200', parsedatetime('2020-06-03', 'yyyy-MM-dd'))
INSERT INTO ACCOUNT_HISTORY(ACCOUNT_NUM, WITHDRAWL_YN, WITHDRAWL_AMOUNT, WITHDRAWL_DATE) VALUES('1000-45', 'Y', '317900', parsedatetime('2020-10-03', 'yyyy-MM-dd'))
INSERT INTO ACCOUNT_HISTORY(ACCOUNT_NUM, WITHDRAWL_YN, WITHDRAWL_AMOUNT, WITHDRAWL_DATE) VALUES('1000-46', 'Y', '301400', parsedatetime('2019-03-04', 'yyyy-MM-dd'))
INSERT INTO ACCOUNT_HISTORY(ACCOUNT_NUM, WITHDRAWL_YN, WITHDRAWL_AMOUNT, WITHDRAWL_DATE) VALUES('1000-47', 'Y', '150700', parsedatetime('2021-06-12', 'yyyy-MM-dd'))
INSERT INTO ACCOUNT_HISTORY(ACCOUNT_NUM, WITHDRAWL_YN, WITHDRAWL_AMOUNT, WITHDRAWL_DATE) VALUES('1000-48', 'Y', '626800', parsedatetime('2019-05-03', 'yyyy-MM-dd'))
INSERT INTO ACCOUNT_HISTORY(ACCOUNT_NUM, WITHDRAWL_YN, WITHDRAWL_AMOUNT, WITHDRAWL_DATE) VALUES('1000-49', 'N', '465300', parsedatetime('2020-05-21', 'yyyy-MM-dd'))
INSERT INTO ACCOUNT_HISTORY(ACCOUNT_NUM, WITHDRAWL_YN, WITHDRAWL_AMOUNT, WITHDRAWL_DATE) VALUES('1000-50', 'Y', '245900', parsedatetime('2019-07-12', 'yyyy-MM-dd'))
INSERT INTO ACCOUNT_HISTORY(ACCOUNT_NUM, WITHDRAWL_YN, WITHDRAWL_AMOUNT, WITHDRAWL_DATE) VALUES('1000-01', 'N', '762200', parsedatetime('2019-04-08', 'yyyy-MM-dd'))
INSERT INTO ACCOUNT_HISTORY(ACCOUNT_NUM, WITHDRAWL_YN, WITHDRAWL_AMOUNT, WITHDRAWL_DATE) VALUES('1000-02', 'Y', '912900', parsedatetime('2020-11-09', 'yyyy-MM-dd'))
INSERT INTO ACCOUNT_HISTORY(ACCOUNT_NUM, WITHDRAWL_YN, WITHDRAWL_AMOUNT, WITHDRAWL_DATE) VALUES('1000-03', 'Y', '657100', parsedatetime('2021-04-06', 'yyyy-MM-dd'))
INSERT INTO ACCOUNT_HISTORY(ACCOUNT_NUM, WITHDRAWL_YN, WITHDRAWL_AMOUNT, WITHDRAWL_DATE) VALUES('1000-04', 'N', '419100', parsedatetime('2019-07-02', 'yyyy-MM-dd'))
INSERT INTO ACCOUNT_HISTORY(ACCOUNT_NUM, WITHDRAWL_YN, WITHDRAWL_AMOUNT, WITHDRAWL_DATE) VALUES('1000-05', 'N', '417300', parsedatetime('2019-06-03', 'yyyy-MM-dd'))
INSERT INTO ACCOUNT_HISTORY(ACCOUNT_NUM, WITHDRAWL_YN, WITHDRAWL_AMOUNT, WITHDRAWL_DATE) VALUES('1000-06', 'N', '394800', parsedatetime('2019-08-04', 'yyyy-MM-dd'))
INSERT INTO ACCOUNT_HISTORY(ACCOUNT_NUM, WITHDRAWL_YN, WITHDRAWL_AMOUNT, WITHDRAWL_DATE) VALUES('1000-07', 'N', '988900', parsedatetime('2021-05-13', 'yyyy-MM-dd'))
INSERT INTO ACCOUNT_HISTORY(ACCOUNT_NUM, WITHDRAWL_YN, WITHDRAWL_AMOUNT, WITHDRAWL_DATE) VALUES('1000-08', 'Y', '159100', parsedatetime('2019-04-28', 'yyyy-MM-dd'))
INSERT INTO ACCOUNT_HISTORY(ACCOUNT_NUM, WITHDRAWL_YN, WITHDRAWL_AMOUNT, WITHDRAWL_DATE) VALUES('1000-09', 'Y', '526200', parsedatetime('2021-03-21', 'yyyy-MM-dd'))
INSERT INTO ACCOUNT_HISTORY(ACCOUNT_NUM, WITHDRAWL_YN, WITHDRAWL_AMOUNT, WITHDRAWL_DATE) VALUES('1000-10', 'N', '345900', parsedatetime('2021-03-28', 'yyyy-MM-dd'))
INSERT INTO ACCOUNT_HISTORY(ACCOUNT_NUM, WITHDRAWL_YN, WITHDRAWL_AMOUNT, WITHDRAWL_DATE) VALUES('1000-11', 'N', '944800', parsedatetime('2019-04-12', 'yyyy-MM-dd'))
INSERT INTO ACCOUNT_HISTORY(ACCOUNT_NUM, WITHDRAWL_YN, WITHDRAWL_AMOUNT, WITHDRAWL_DATE) VALUES('1000-12', 'Y', '617900', parsedatetime('2020-05-28', 'yyyy-MM-dd'))
INSERT INTO ACCOUNT_HISTORY(ACCOUNT_NUM, WITHDRAWL_YN, WITHDRAWL_AMOUNT, WITHDRAWL_DATE) VALUES('1000-13', 'Y', '940200', parsedatetime('2021-06-29', 'yyyy-MM-dd'))
INSERT INTO ACCOUNT_HISTORY(ACCOUNT_NUM, WITHDRAWL_YN, WITHDRAWL_AMOUNT, WITHDRAWL_DATE) VALUES('1000-14', 'Y', '249200', parsedatetime('2019-10-29', 'yyyy-MM-dd'))
INSERT INTO ACCOUNT_HISTORY(ACCOUNT_NUM, WITHDRAWL_YN, WITHDRAWL_AMOUNT, WITHDRAWL_DATE) VALUES('1000-15', 'N', '217100', parsedatetime('2019-11-12', 'yyyy-MM-dd'))
INSERT INTO ACCOUNT_HISTORY(ACCOUNT_NUM, WITHDRAWL_YN, WITHDRAWL_AMOUNT, WITHDRAWL_DATE) VALUES('1000-16', 'Y', '213900', parsedatetime('2021-06-19', 'yyyy-MM-dd'))
INSERT INTO ACCOUNT_HISTORY(ACCOUNT_NUM, WITHDRAWL_YN, WITHDRAWL_AMOUNT, WITHDRAWL_DATE) VALUES('1000-17', 'Y', '874000', parsedatetime('2021-05-17', 'yyyy-MM-dd'))
INSERT INTO ACCOUNT_HISTORY(ACCOUNT_NUM, WITHDRAWL_YN, WITHDRAWL_AMOUNT, WITHDRAWL_DATE) VALUES('1000-18', 'N', '720500', parsedatetime('2021-09-02', 'yyyy-MM-dd'))
INSERT INTO ACCOUNT_HISTORY(ACCOUNT_NUM, WITHDRAWL_YN, WITHDRAWL_AMOUNT, WITHDRAWL_DATE) VALUES('1000-19', 'Y', '994900', parsedatetime('2019-12-06', 'yyyy-MM-dd'))
INSERT INTO ACCOUNT_HISTORY(ACCOUNT_NUM, WITHDRAWL_YN, WITHDRAWL_AMOUNT, WITHDRAWL_DATE) VALUES('1000-20', 'Y', '15600', parsedatetime('2019-07-03', 'yyyy-MM-dd'))
INSERT INTO ACCOUNT_HISTORY(ACCOUNT_NUM, WITHDRAWL_YN, WITHDRAWL_AMOUNT, WITHDRAWL_DATE) VALUES('1000-21', 'Y', '1200', parsedatetime('2021-05-02', 'yyyy-MM-dd'))
INSERT INTO ACCOUNT_HISTORY(ACCOUNT_NUM, WITHDRAWL_YN, WITHDRAWL_AMOUNT, WITHDRAWL_DATE) VALUES('1000-22', 'Y', '689600', parsedatetime('2019-04-22', 'yyyy-MM-dd'))
INSERT INTO ACCOUNT_HISTORY(ACCOUNT_NUM, WITHDRAWL_YN, WITHDRAWL_AMOUNT, WITHDRAWL_DATE) VALUES('1000-23', 'N', '199100', parsedatetime('2020-11-24', 'yyyy-MM-dd'))
INSERT INTO ACCOUNT_HISTORY(ACCOUNT_NUM, WITHDRAWL_YN, WITHDRAWL_AMOUNT, WITHDRAWL_DATE) VALUES('1000-24', 'Y', '398900', parsedatetime('2020-01-30', 'yyyy-MM-dd'))
INSERT INTO ACCOUNT_HISTORY(ACCOUNT_NUM, WITHDRAWL_YN, WITHDRAWL_AMOUNT, WITHDRAWL_DATE) VALUES('1000-25', 'Y', '474000', parsedatetime('2021-04-24', 'yyyy-MM-dd'))
INSERT INTO ACCOUNT_HISTORY(ACCOUNT_NUM, WITHDRAWL_YN, WITHDRAWL_AMOUNT, WITHDRAWL_DATE) VALUES('1000-26', 'Y', '842900', parsedatetime('2021-05-22', 'yyyy-MM-dd'))
INSERT INTO ACCOUNT_HISTORY(ACCOUNT_NUM, WITHDRAWL_YN, WITHDRAWL_AMOUNT, WITHDRAWL_DATE) VALUES('1000-27', 'N', '67600', parsedatetime('2020-11-20', 'yyyy-MM-dd'))
INSERT INTO ACCOUNT_HISTORY(ACCOUNT_NUM, WITHDRAWL_YN, WITHDRAWL_AMOUNT, WITHDRAWL_DATE) VALUES('1000-28', 'Y', '864900', parsedatetime('2020-08-08', 'yyyy-MM-dd'))
INSERT INTO ACCOUNT_HISTORY(ACCOUNT_NUM, WITHDRAWL_YN, WITHDRAWL_AMOUNT, WITHDRAWL_DATE) VALUES('1000-29', 'Y', '898300', parsedatetime('2020-01-12', 'yyyy-MM-dd'))
INSERT INTO ACCOUNT_HISTORY(ACCOUNT_NUM, WITHDRAWL_YN, WITHDRAWL_AMOUNT, WITHDRAWL_DATE) VALUES('1000-30', 'Y', '712500', parsedatetime('2020-03-24', 'yyyy-MM-dd'))
INSERT INTO ACCOUNT_HISTORY(ACCOUNT_NUM, WITHDRAWL_YN, WITHDRAWL_AMOUNT, WITHDRAWL_DATE) VALUES('1000-31', 'Y', '289300', parsedatetime('2021-06-29', 'yyyy-MM-dd'))
INSERT INTO ACCOUNT_HISTORY(ACCOUNT_NUM, WITHDRAWL_YN, WITHDRAWL_AMOUNT, WITHDRAWL_DATE) VALUES('1000-32', 'Y', '283700', parsedatetime('2021-08-20', 'yyyy-MM-dd'))
INSERT INTO ACCOUNT_HISTORY(ACCOUNT_NUM, WITHDRAWL_YN, WITHDRAWL_AMOUNT, WITHDRAWL_DATE) VALUES('1000-33', 'N', '79800', parsedatetime('2019-04-26', 'yyyy-MM-dd'))
INSERT INTO ACCOUNT_HISTORY(ACCOUNT_NUM, WITHDRAWL_YN, WITHDRAWL_AMOUNT, WITHDRAWL_DATE) VALUES('1000-34', 'Y', '578700', parsedatetime('2019-07-07', 'yyyy-MM-dd'))
INSERT INTO ACCOUNT_HISTORY(ACCOUNT_NUM, WITHDRAWL_YN, WITHDRAWL_AMOUNT, WITHDRAWL_DATE) VALUES('1000-35', 'N', '534700', parsedatetime('2020-03-14', 'yyyy-MM-dd'))
INSERT INTO ACCOUNT_HISTORY(ACCOUNT_NUM, WITHDRAWL_YN, WITHDRAWL_AMOUNT, WITHDRAWL_DATE) VALUES('1000-36', 'N', '263500', parsedatetime('2020-05-22', 'yyyy-MM-dd'))
INSERT INTO ACCOUNT_HISTORY(ACCOUNT_NUM, WITHDRAWL_YN, WITHDRAWL_AMOUNT, WITHDRAWL_DATE) VALUES('1000-37', 'Y', '561500', parsedatetime('2020-07-02', 'yyyy-MM-dd'))
INSERT INTO ACCOUNT_HISTORY(ACCOUNT_NUM, WITHDRAWL_YN, WITHDRAWL_AMOUNT, WITHDRAWL_DATE) VALUES('1000-38', 'N', '638400', parsedatetime('2019-10-18', 'yyyy-MM-dd'))
INSERT INTO ACCOUNT_HISTORY(ACCOUNT_NUM, WITHDRAWL_YN, WITHDRAWL_AMOUNT, WITHDRAWL_DATE) VALUES('1000-39', 'Y', '705000', parsedatetime('2019-02-08', 'yyyy-MM-dd'))
INSERT INTO ACCOUNT_HISTORY(ACCOUNT_NUM, WITHDRAWL_YN, WITHDRAWL_AMOUNT, WITHDRAWL_DATE) VALUES('1000-40', 'N', '979300', parsedatetime('2020-04-27', 'yyyy-MM-dd'))
INSERT INTO ACCOUNT_HISTORY(ACCOUNT_NUM, WITHDRAWL_YN, WITHDRAWL_AMOUNT, WITHDRAWL_DATE) VALUES('1000-41', 'N', '824800', parsedatetime('2020-04-01', 'yyyy-MM-dd'))
INSERT INTO ACCOUNT_HISTORY(ACCOUNT_NUM, WITHDRAWL_YN, WITHDRAWL_AMOUNT, WITHDRAWL_DATE) VALUES('1000-42', 'Y', '52800', parsedatetime('2019-11-23', 'yyyy-MM-dd'))
INSERT INTO ACCOUNT_HISTORY(ACCOUNT_NUM, WITHDRAWL_YN, WITHDRAWL_AMOUNT, WITHDRAWL_DATE) VALUES('1000-43', 'Y', '739600', parsedatetime('2021-07-29', 'yyyy-MM-dd'))
INSERT INTO ACCOUNT_HISTORY(ACCOUNT_NUM, WITHDRAWL_YN, WITHDRAWL_AMOUNT, WITHDRAWL_DATE) VALUES('1000-44', 'Y', '796400', parsedatetime('2021-04-23', 'yyyy-MM-dd'))
INSERT INTO ACCOUNT_HISTORY(ACCOUNT_NUM, WITHDRAWL_YN, WITHDRAWL_AMOUNT, WITHDRAWL_DATE) VALUES('1000-45', 'N', '188000', parsedatetime('2019-05-02', 'yyyy-MM-dd'))
INSERT INTO ACCOUNT_HISTORY(ACCOUNT_NUM, WITHDRAWL_YN, WITHDRAWL_AMOUNT, WITHDRAWL_DATE) VALUES('1000-46', 'Y', '961100', parsedatetime('2019-12-14', 'yyyy-MM-dd'))
INSERT INTO ACCOUNT_HISTORY(ACCOUNT_NUM, WITHDRAWL_YN, WITHDRAWL_AMOUNT, WITHDRAWL_DATE) VALUES('1000-47', 'Y', '870200', parsedatetime('2019-03-06', 'yyyy-MM-dd'))
INSERT INTO ACCOUNT_HISTORY(ACCOUNT_NUM, WITHDRAWL_YN, WITHDRAWL_AMOUNT, WITHDRAWL_DATE) VALUES('1000-48', 'Y', '515300', parsedatetime('2019-07-19', 'yyyy-MM-dd'))
INSERT INTO ACCOUNT_HISTORY(ACCOUNT_NUM, WITHDRAWL_YN, WITHDRAWL_AMOUNT, WITHDRAWL_DATE) VALUES('1000-49', 'N', '118600', parsedatetime('2020-02-17', 'yyyy-MM-dd'))
INSERT INTO ACCOUNT_HISTORY(ACCOUNT_NUM, WITHDRAWL_YN, WITHDRAWL_AMOUNT, WITHDRAWL_DATE) VALUES('1000-50', 'Y', '512300', parsedatetime('2021-06-09', 'yyyy-MM-dd'))
INSERT INTO ACCOUNT_HISTORY(ACCOUNT_NUM, WITHDRAWL_YN, WITHDRAWL_AMOUNT, WITHDRAWL_DATE) VALUES('1000-01', 'Y', '61400', parsedatetime('2019-02-22', 'yyyy-MM-dd'))
INSERT INTO ACCOUNT_HISTORY(ACCOUNT_NUM, WITHDRAWL_YN, WITHDRAWL_AMOUNT, WITHDRAWL_DATE) VALUES('1000-02', 'Y', '875700', parsedatetime('2020-11-21', 'yyyy-MM-dd'))
INSERT INTO ACCOUNT_HISTORY(ACCOUNT_NUM, WITHDRAWL_YN, WITHDRAWL_AMOUNT, WITHDRAWL_DATE) VALUES('1000-03', 'N', '656700', parsedatetime('2020-10-25', 'yyyy-MM-dd'))
INSERT INTO ACCOUNT_HISTORY(ACCOUNT_NUM, WITHDRAWL_YN, WITHDRAWL_AMOUNT, WITHDRAWL_DATE) VALUES('1000-04', 'Y', '527100', parsedatetime('2020-09-10', 'yyyy-MM-dd'))
INSERT INTO ACCOUNT_HISTORY(ACCOUNT_NUM, WITHDRAWL_YN, WITHDRAWL_AMOUNT, WITHDRAWL_DATE) VALUES('1000-05', 'Y', '37000', parsedatetime('2019-05-19', 'yyyy-MM-dd'))
INSERT INTO ACCOUNT_HISTORY(ACCOUNT_NUM, WITHDRAWL_YN, WITHDRAWL_AMOUNT, WITHDRAWL_DATE) VALUES('1000-06', 'Y', '1200', parsedatetime('2019-01-17', 'yyyy-MM-dd'))
INSERT INTO ACCOUNT_HISTORY(ACCOUNT_NUM, WITHDRAWL_YN, WITHDRAWL_AMOUNT, WITHDRAWL_DATE) VALUES('1000-07', 'Y', '497600', parsedatetime('2021-03-15', 'yyyy-MM-dd'))
INSERT INTO ACCOUNT_HISTORY(ACCOUNT_NUM, WITHDRAWL_YN, WITHDRAWL_AMOUNT, WITHDRAWL_DATE) VALUES('1000-08', 'N', '25600', parsedatetime('2021-05-21', 'yyyy-MM-dd'))
INSERT INTO ACCOUNT_HISTORY(ACCOUNT_NUM, WITHDRAWL_YN, WITHDRAWL_AMOUNT, WITHDRAWL_DATE) VALUES('1000-09', 'Y', '765300', parsedatetime('2021-03-27', 'yyyy-MM-dd'))
INSERT INTO ACCOUNT_HISTORY(ACCOUNT_NUM, WITHDRAWL_YN, WITHDRAWL_AMOUNT, WITHDRAWL_DATE) VALUES('1000-10', 'N', '821500', parsedatetime('2019-07-01', 'yyyy-MM-dd'))
INSERT INTO ACCOUNT_HISTORY(ACCOUNT_NUM, WITHDRAWL_YN, WITHDRAWL_AMOUNT, WITHDRAWL_DATE) VALUES('1000-11', 'Y', '931400', parsedatetime('2021-01-08', 'yyyy-MM-dd'))
INSERT INTO ACCOUNT_HISTORY(ACCOUNT_NUM, WITHDRAWL_YN, WITHDRAWL_AMOUNT, WITHDRAWL_DATE) VALUES('1000-12', 'Y', '355100', parsedatetime('2020-06-30', 'yyyy-MM-dd'))
INSERT INTO ACCOUNT_HISTORY(ACCOUNT_NUM, WITHDRAWL_YN, WITHDRAWL_AMOUNT, WITHDRAWL_DATE) VALUES('1000-13', 'Y', '524800', parsedatetime('2021-05-22', 'yyyy-MM-dd'))
INSERT INTO ACCOUNT_HISTORY(ACCOUNT_NUM, WITHDRAWL_YN, WITHDRAWL_AMOUNT, WITHDRAWL_DATE) VALUES('1000-14', 'Y', '888200', parsedatetime('2020-11-29', 'yyyy-MM-dd'))
INSERT INTO ACCOUNT_HISTORY(ACCOUNT_NUM, WITHDRAWL_YN, WITHDRAWL_AMOUNT, WITHDRAWL_DATE) VALUES('1000-15', 'Y', '837800', parsedatetime('2020-04-27', 'yyyy-MM-dd'))
INSERT INTO ACCOUNT_HISTORY(ACCOUNT_NUM, WITHDRAWL_YN, WITHDRAWL_AMOUNT, WITHDRAWL_DATE) VALUES('1000-16', 'Y', '179800', parsedatetime('2020-06-30', 'yyyy-MM-dd'))
INSERT INTO ACCOUNT_HISTORY(ACCOUNT_NUM, WITHDRAWL_YN, WITHDRAWL_AMOUNT, WITHDRAWL_DATE) VALUES('1000-17', 'Y', '106300', parsedatetime('2021-08-17', 'yyyy-MM-dd'))
INSERT INTO ACCOUNT_HISTORY(ACCOUNT_NUM, WITHDRAWL_YN, WITHDRAWL_AMOUNT, WITHDRAWL_DATE) VALUES('1000-18', 'Y', '134100', parsedatetime('2021-08-08', 'yyyy-MM-dd'))
INSERT INTO ACCOUNT_HISTORY(ACCOUNT_NUM, WITHDRAWL_YN, WITHDRAWL_AMOUNT, WITHDRAWL_DATE) VALUES('1000-19', 'Y', '326800', parsedatetime('2020-03-01', 'yyyy-MM-dd'))
INSERT INTO ACCOUNT_HISTORY(ACCOUNT_NUM, WITHDRAWL_YN, WITHDRAWL_AMOUNT, WITHDRAWL_DATE) VALUES('1000-20', 'Y', '135500', parsedatetime('2019-03-19', 'yyyy-MM-dd'))
INSERT INTO ACCOUNT_HISTORY(ACCOUNT_NUM, WITHDRAWL_YN, WITHDRAWL_AMOUNT, WITHDRAWL_DATE) VALUES('1000-21', 'Y', '898900', parsedatetime('2019-04-07', 'yyyy-MM-dd'))
INSERT INTO ACCOUNT_HISTORY(ACCOUNT_NUM, WITHDRAWL_YN, WITHDRAWL_AMOUNT, WITHDRAWL_DATE) VALUES('1000-22', 'N', '446200', parsedatetime('2019-04-18', 'yyyy-MM-dd'))
INSERT INTO ACCOUNT_HISTORY(ACCOUNT_NUM, WITHDRAWL_YN, WITHDRAWL_AMOUNT, WITHDRAWL_DATE) VALUES('1000-23', 'Y', '742500', parsedatetime('2020-05-16', 'yyyy-MM-dd'))
INSERT INTO ACCOUNT_HISTORY(ACCOUNT_NUM, WITHDRAWL_YN, WITHDRAWL_AMOUNT, WITHDRAWL_DATE) VALUES('1000-24', 'Y', '45600', parsedatetime('2019-12-08', 'yyyy-MM-dd'))
INSERT INTO ACCOUNT_HISTORY(ACCOUNT_NUM, WITHDRAWL_YN, WITHDRAWL_AMOUNT, WITHDRAWL_DATE) VALUES('1000-25', 'N', '48200', parsedatetime('2020-01-25', 'yyyy-MM-dd'))
INSERT INTO ACCOUNT_HISTORY(ACCOUNT_NUM, WITHDRAWL_YN, WITHDRAWL_AMOUNT, WITHDRAWL_DATE) VALUES('1000-26', 'N', '252400', parsedatetime('2019-06-18', 'yyyy-MM-dd'))
INSERT INTO ACCOUNT_HISTORY(ACCOUNT_NUM, WITHDRAWL_YN, WITHDRAWL_AMOUNT, WITHDRAWL_DATE) VALUES('1000-27', 'N', '774200', parsedatetime('2019-10-28', 'yyyy-MM-dd'))
INSERT INTO ACCOUNT_HISTORY(ACCOUNT_NUM, WITHDRAWL_YN, WITHDRAWL_AMOUNT, WITHDRAWL_DATE) VALUES('1000-28', 'N', '411000', parsedatetime('2019-08-24', 'yyyy-MM-dd'))
INSERT INTO ACCOUNT_HISTORY(ACCOUNT_NUM, WITHDRAWL_YN, WITHDRAWL_AMOUNT, WITHDRAWL_DATE) VALUES('1000-29', 'N', '866500', parsedatetime('2019-03-07', 'yyyy-MM-dd'))
INSERT INTO ACCOUNT_HISTORY(ACCOUNT_NUM, WITHDRAWL_YN, WITHDRAWL_AMOUNT, WITHDRAWL_DATE) VALUES('1000-30', 'Y', '188900', parsedatetime('2019-04-02', 'yyyy-MM-dd'))
INSERT INTO ACCOUNT_HISTORY(ACCOUNT_NUM, WITHDRAWL_YN, WITHDRAWL_AMOUNT, WITHDRAWL_DATE) VALUES('1000-31', 'N', '88700', parsedatetime('2021-05-26', 'yyyy-MM-dd'))
INSERT INTO ACCOUNT_HISTORY(ACCOUNT_NUM, WITHDRAWL_YN, WITHDRAWL_AMOUNT, WITHDRAWL_DATE) VALUES('1000-32', 'Y', '66500', parsedatetime('2020-07-26', 'yyyy-MM-dd'))
INSERT INTO ACCOUNT_HISTORY(ACCOUNT_NUM, WITHDRAWL_YN, WITHDRAWL_AMOUNT, WITHDRAWL_DATE) VALUES('1000-33', 'N', '769100', parsedatetime('2020-02-10', 'yyyy-MM-dd'))
INSERT INTO ACCOUNT_HISTORY(ACCOUNT_NUM, WITHDRAWL_YN, WITHDRAWL_AMOUNT, WITHDRAWL_DATE) VALUES('1000-34', 'N', '525500', parsedatetime('2021-06-27', 'yyyy-MM-dd'))
INSERT INTO ACCOUNT_HISTORY(ACCOUNT_NUM, WITHDRAWL_YN, WITHDRAWL_AMOUNT, WITHDRAWL_DATE) VALUES('1000-35', 'Y', '941100', parsedatetime('2020-05-29', 'yyyy-MM-dd'))
INSERT INTO ACCOUNT_HISTORY(ACCOUNT_NUM, WITHDRAWL_YN, WITHDRAWL_AMOUNT, WITHDRAWL_DATE) VALUES('1000-36', 'N', '858300', parsedatetime('2021-09-24', 'yyyy-MM-dd'))
INSERT INTO ACCOUNT_HISTORY(ACCOUNT_NUM, WITHDRAWL_YN, WITHDRAWL_AMOUNT, WITHDRAWL_DATE) VALUES('1000-37', 'Y', '612400', parsedatetime('2019-01-06', 'yyyy-MM-dd'))
INSERT INTO ACCOUNT_HISTORY(ACCOUNT_NUM, WITHDRAWL_YN, WITHDRAWL_AMOUNT, WITHDRAWL_DATE) VALUES('1000-38', 'N', '34400', parsedatetime('2019-12-30', 'yyyy-MM-dd'))
INSERT INTO ACCOUNT_HISTORY(ACCOUNT_NUM, WITHDRAWL_YN, WITHDRAWL_AMOUNT, WITHDRAWL_DATE) VALUES('1000-39', 'N', '923800', parsedatetime('2019-01-12', 'yyyy-MM-dd'))
INSERT INTO ACCOUNT_HISTORY(ACCOUNT_NUM, WITHDRAWL_YN, WITHDRAWL_AMOUNT, WITHDRAWL_DATE) VALUES('1000-40', 'Y', '891500', parsedatetime('2020-03-28', 'yyyy-MM-dd'))
INSERT INTO ACCOUNT_HISTORY(ACCOUNT_NUM, WITHDRAWL_YN, WITHDRAWL_AMOUNT, WITHDRAWL_DATE) VALUES('1000-41', 'Y', '108200', parsedatetime('2021-08-24', 'yyyy-MM-dd'))
INSERT INTO ACCOUNT_HISTORY(ACCOUNT_NUM, WITHDRAWL_YN, WITHDRAWL_AMOUNT, WITHDRAWL_DATE) VALUES('1000-42', 'Y', '103100', parsedatetime('2020-08-20', 'yyyy-MM-dd'))
INSERT INTO ACCOUNT_HISTORY(ACCOUNT_NUM, WITHDRAWL_YN, WITHDRAWL_AMOUNT, WITHDRAWL_DATE) VALUES('1000-43', 'N', '38700', parsedatetime('2020-12-17', 'yyyy-MM-dd'))
INSERT INTO ACCOUNT_HISTORY(ACCOUNT_NUM, WITHDRAWL_YN, WITHDRAWL_AMOUNT, WITHDRAWL_DATE) VALUES('1000-44', 'N', '209700', parsedatetime('2019-04-02', 'yyyy-MM-dd'))
INSERT INTO ACCOUNT_HISTORY(ACCOUNT_NUM, WITHDRAWL_YN, WITHDRAWL_AMOUNT, WITHDRAWL_DATE) VALUES('1000-45', 'Y', '378900', parsedatetime('2021-07-09', 'yyyy-MM-dd'))
INSERT INTO ACCOUNT_HISTORY(ACCOUNT_NUM, WITHDRAWL_YN, WITHDRAWL_AMOUNT, WITHDRAWL_DATE) VALUES('1000-46', 'N', '914500', parsedatetime('2019-02-24', 'yyyy-MM-dd'))
INSERT INTO ACCOUNT_HISTORY(ACCOUNT_NUM, WITHDRAWL_YN, WITHDRAWL_AMOUNT, WITHDRAWL_DATE) VALUES('1000-47', 'N', '615800', parsedatetime('2020-10-08', 'yyyy-MM-dd'))
INSERT INTO ACCOUNT_HISTORY(ACCOUNT_NUM, WITHDRAWL_YN, WITHDRAWL_AMOUNT, WITHDRAWL_DATE) VALUES('1000-48', 'Y', '308500', parsedatetime('2019-09-28', 'yyyy-MM-dd'))
INSERT INTO ACCOUNT_HISTORY(ACCOUNT_NUM, WITHDRAWL_YN, WITHDRAWL_AMOUNT, WITHDRAWL_DATE) VALUES('1000-49', 'Y', '941700', parsedatetime('2020-08-24', 'yyyy-MM-dd'))
INSERT INTO ACCOUNT_HISTORY(ACCOUNT_NUM, WITHDRAWL_YN, WITHDRAWL_AMOUNT, WITHDRAWL_DATE) VALUES('1000-50', 'N', '386300', parsedatetime('2019-08-08', 'yyyy-MM-dd'))
INSERT INTO ACCOUNT_HISTORY(ACCOUNT_NUM, WITHDRAWL_YN, WITHDRAWL_AMOUNT, WITHDRAWL_DATE) VALUES('1000-01', 'Y', '656500', parsedatetime('2020-02-11', 'yyyy-MM-dd'))
INSERT INTO ACCOUNT_HISTORY(ACCOUNT_NUM, WITHDRAWL_YN, WITHDRAWL_AMOUNT, WITHDRAWL_DATE) VALUES('1000-02', 'Y', '895800', parsedatetime('2019-03-03', 'yyyy-MM-dd'))
INSERT INTO ACCOUNT_HISTORY(ACCOUNT_NUM, WITHDRAWL_YN, WITHDRAWL_AMOUNT, WITHDRAWL_DATE) VALUES('1000-03', 'Y', '872800', parsedatetime('2020-12-04', 'yyyy-MM-dd'))
INSERT INTO ACCOUNT_HISTORY(ACCOUNT_NUM, WITHDRAWL_YN, WITHDRAWL_AMOUNT, WITHDRAWL_DATE) VALUES('1000-04', 'Y', '948900', parsedatetime('2020-09-10', 'yyyy-MM-dd'))
INSERT INTO ACCOUNT_HISTORY(ACCOUNT_NUM, WITHDRAWL_YN, WITHDRAWL_AMOUNT, WITHDRAWL_DATE) VALUES('1000-05', 'N', '938400', parsedatetime('2020-08-27', 'yyyy-MM-dd'))
INSERT INTO ACCOUNT_HISTORY(ACCOUNT_NUM, WITHDRAWL_YN, WITHDRAWL_AMOUNT, WITHDRAWL_DATE) VALUES('1000-06', 'Y', '589000', parsedatetime('2020-07-19', 'yyyy-MM-dd'))
INSERT INTO ACCOUNT_HISTORY(ACCOUNT_NUM, WITHDRAWL_YN, WITHDRAWL_AMOUNT, WITHDRAWL_DATE) VALUES('1000-07', 'N', '774600', parsedatetime('2019-10-10', 'yyyy-MM-dd'))
INSERT INTO ACCOUNT_HISTORY(ACCOUNT_NUM, WITHDRAWL_YN, WITHDRAWL_AMOUNT, WITHDRAWL_DATE) VALUES('1000-08', 'N', '134900', parsedatetime('2019-03-30', 'yyyy-MM-dd'))
INSERT INTO ACCOUNT_HISTORY(ACCOUNT_NUM, WITHDRAWL_YN, WITHDRAWL_AMOUNT, WITHDRAWL_DATE) VALUES('1000-09', 'Y', '671800', parsedatetime('2021-03-25', 'yyyy-MM-dd'))
INSERT INTO ACCOUNT_HISTORY(ACCOUNT_NUM, WITHDRAWL_YN, WITHDRAWL_AMOUNT, WITHDRAWL_DATE) VALUES('1000-10', 'N', '617500', parsedatetime('2019-04-30', 'yyyy-MM-dd'))
INSERT INTO ACCOUNT_HISTORY(ACCOUNT_NUM, WITHDRAWL_YN, WITHDRAWL_AMOUNT, WITHDRAWL_DATE) VALUES('1000-11', 'Y', '545400', parsedatetime('2020-02-20', 'yyyy-MM-dd'))
INSERT INTO ACCOUNT_HISTORY(ACCOUNT_NUM, WITHDRAWL_YN, WITHDRAWL_AMOUNT, WITHDRAWL_DATE) VALUES('1000-12', 'N', '815400', parsedatetime('2020-03-18', 'yyyy-MM-dd'))
INSERT INTO ACCOUNT_HISTORY(ACCOUNT_NUM, WITHDRAWL_YN, WITHDRAWL_AMOUNT, WITHDRAWL_DATE) VALUES('1000-13', 'N', '207700', parsedatetime('2019-12-18', 'yyyy-MM-dd'))
INSERT INTO ACCOUNT_HISTORY(ACCOUNT_NUM, WITHDRAWL_YN, WITHDRAWL_AMOUNT, WITHDRAWL_DATE) VALUES('1000-14', 'N', '807100', parsedatetime('2019-05-03', 'yyyy-MM-dd'))
INSERT INTO ACCOUNT_HISTORY(ACCOUNT_NUM, WITHDRAWL_YN, WITHDRAWL_AMOUNT, WITHDRAWL_DATE) VALUES('1000-15', 'N', '194000', parsedatetime('2020-12-03', 'yyyy-MM-dd'))
INSERT INTO ACCOUNT_HISTORY(ACCOUNT_NUM, WITHDRAWL_YN, WITHDRAWL_AMOUNT, WITHDRAWL_DATE) VALUES('1000-16', 'Y', '472400', parsedatetime('2019-06-03', 'yyyy-MM-dd'))
INSERT INTO ACCOUNT_HISTORY(ACCOUNT_NUM, WITHDRAWL_YN, WITHDRAWL_AMOUNT, WITHDRAWL_DATE) VALUES('1000-17', 'N', '492200', parsedatetime('2019-01-23', 'yyyy-MM-dd'))
INSERT INTO ACCOUNT_HISTORY(ACCOUNT_NUM, WITHDRAWL_YN, WITHDRAWL_AMOUNT, WITHDRAWL_DATE) VALUES('1000-18', 'Y', '965400', parsedatetime('2020-09-27', 'yyyy-MM-dd'))
INSERT INTO ACCOUNT_HISTORY(ACCOUNT_NUM, WITHDRAWL_YN, WITHDRAWL_AMOUNT, WITHDRAWL_DATE) VALUES('1000-19', 'Y', '904000', parsedatetime('2020-12-07', 'yyyy-MM-dd'))
INSERT INTO ACCOUNT_HISTORY(ACCOUNT_NUM, WITHDRAWL_YN, WITHDRAWL_AMOUNT, WITHDRAWL_DATE) VALUES('1000-20', 'Y', '751100', parsedatetime('2021-08-30', 'yyyy-MM-dd'))
INSERT INTO ACCOUNT_HISTORY(ACCOUNT_NUM, WITHDRAWL_YN, WITHDRAWL_AMOUNT, WITHDRAWL_DATE) VALUES('1000-21', 'Y', '840900', parsedatetime('2019-03-31', 'yyyy-MM-dd'))
INSERT INTO ACCOUNT_HISTORY(ACCOUNT_NUM, WITHDRAWL_YN, WITHDRAWL_AMOUNT, WITHDRAWL_DATE) VALUES('1000-22', 'Y', '881300', parsedatetime('2019-09-10', 'yyyy-MM-dd'))
INSERT INTO ACCOUNT_HISTORY(ACCOUNT_NUM, WITHDRAWL_YN, WITHDRAWL_AMOUNT, WITHDRAWL_DATE) VALUES('1000-23', 'Y', '907400', parsedatetime('2021-02-25', 'yyyy-MM-dd'))
INSERT INTO ACCOUNT_HISTORY(ACCOUNT_NUM, WITHDRAWL_YN, WITHDRAWL_AMOUNT, WITHDRAWL_DATE) VALUES('1000-24', 'Y', '588000', parsedatetime('2019-08-08', 'yyyy-MM-dd'))
INSERT INTO ACCOUNT_HISTORY(ACCOUNT_NUM, WITHDRAWL_YN, WITHDRAWL_AMOUNT, WITHDRAWL_DATE) VALUES('1000-25', 'N', '171900', parsedatetime('2019-02-04', 'yyyy-MM-dd'))
INSERT INTO ACCOUNT_HISTORY(ACCOUNT_NUM, WITHDRAWL_YN, WITHDRAWL_AMOUNT, WITHDRAWL_DATE) VALUES('1000-26', 'Y', '107900', parsedatetime('2019-08-28', 'yyyy-MM-dd'))
INSERT INTO ACCOUNT_HISTORY(ACCOUNT_NUM, WITHDRAWL_YN, WITHDRAWL_AMOUNT, WITHDRAWL_DATE) VALUES('1000-27', 'N', '251800', parsedatetime('2020-01-21', 'yyyy-MM-dd'))
INSERT INTO ACCOUNT_HISTORY(ACCOUNT_NUM, WITHDRAWL_YN, WITHDRAWL_AMOUNT, WITHDRAWL_DATE) VALUES('1000-28', 'Y', '920000', parsedatetime('2020-07-06', 'yyyy-MM-dd'))
INSERT INTO ACCOUNT_HISTORY(ACCOUNT_NUM, WITHDRAWL_YN, WITHDRAWL_AMOUNT, WITHDRAWL_DATE) VALUES('1000-29', 'N', '565800', parsedatetime('2020-02-13', 'yyyy-MM-dd'))
INSERT INTO ACCOUNT_HISTORY(ACCOUNT_NUM, WITHDRAWL_YN, WITHDRAWL_AMOUNT, WITHDRAWL_DATE) VALUES('1000-30', 'Y', '169200', parsedatetime('2019-03-17', 'yyyy-MM-dd'))
INSERT INTO ACCOUNT_HISTORY(ACCOUNT_NUM, WITHDRAWL_YN, WITHDRAWL_AMOUNT, WITHDRAWL_DATE) VALUES('1000-31', 'Y', '444000', parsedatetime('2020-07-31', 'yyyy-MM-dd'))
INSERT INTO ACCOUNT_HISTORY(ACCOUNT_NUM, WITHDRAWL_YN, WITHDRAWL_AMOUNT, WITHDRAWL_DATE) VALUES('1000-32', 'Y', '341500', parsedatetime('2020-10-14', 'yyyy-MM-dd'))
INSERT INTO ACCOUNT_HISTORY(ACCOUNT_NUM, WITHDRAWL_YN, WITHDRAWL_AMOUNT, WITHDRAWL_DATE) VALUES('1000-33', 'Y', '140000', parsedatetime('2020-01-10', 'yyyy-MM-dd'))
INSERT INTO ACCOUNT_HISTORY(ACCOUNT_NUM, WITHDRAWL_YN, WITHDRAWL_AMOUNT, WITHDRAWL_DATE) VALUES('1000-34', 'Y', '74200', parsedatetime('2020-03-14', 'yyyy-MM-dd'))
INSERT INTO ACCOUNT_HISTORY(ACCOUNT_NUM, WITHDRAWL_YN, WITHDRAWL_AMOUNT, WITHDRAWL_DATE) VALUES('1000-35', 'N', '213300', parsedatetime('2019-11-06', 'yyyy-MM-dd'))
INSERT INTO ACCOUNT_HISTORY(ACCOUNT_NUM, WITHDRAWL_YN, WITHDRAWL_AMOUNT, WITHDRAWL_DATE) VALUES('1000-36', 'Y', '874100', parsedatetime('2019-07-15', 'yyyy-MM-dd'))
INSERT INTO ACCOUNT_HISTORY(ACCOUNT_NUM, WITHDRAWL_YN, WITHDRAWL_AMOUNT, WITHDRAWL_DATE) VALUES('1000-37', 'Y', '719500', parsedatetime('2020-03-16', 'yyyy-MM-dd'))
INSERT INTO ACCOUNT_HISTORY(ACCOUNT_NUM, WITHDRAWL_YN, WITHDRAWL_AMOUNT, WITHDRAWL_DATE) VALUES('1000-38', 'Y', '761400', parsedatetime('2019-02-02', 'yyyy-MM-dd'))
INSERT INTO ACCOUNT_HISTORY(ACCOUNT_NUM, WITHDRAWL_YN, WITHDRAWL_AMOUNT, WITHDRAWL_DATE) VALUES('1000-39', 'Y', '532100', parsedatetime('2021-05-01', 'yyyy-MM-dd'))
INSERT INTO ACCOUNT_HISTORY(ACCOUNT_NUM, WITHDRAWL_YN, WITHDRAWL_AMOUNT, WITHDRAWL_DATE) VALUES('1000-40', 'N', '448100', parsedatetime('2020-05-22', 'yyyy-MM-dd'))
INSERT INTO ACCOUNT_HISTORY(ACCOUNT_NUM, WITHDRAWL_YN, WITHDRAWL_AMOUNT, WITHDRAWL_DATE) VALUES('1000-41', 'N', '4400', parsedatetime('2021-01-01', 'yyyy-MM-dd'))
INSERT INTO ACCOUNT_HISTORY(ACCOUNT_NUM, WITHDRAWL_YN, WITHDRAWL_AMOUNT, WITHDRAWL_DATE) VALUES('1000-42', 'Y', '588300', parsedatetime('2019-03-03', 'yyyy-MM-dd'))
INSERT INTO ACCOUNT_HISTORY(ACCOUNT_NUM, WITHDRAWL_YN, WITHDRAWL_AMOUNT, WITHDRAWL_DATE) VALUES('1000-43', 'Y', '928100', parsedatetime('2020-03-12', 'yyyy-MM-dd'))
INSERT INTO ACCOUNT_HISTORY(ACCOUNT_NUM, WITHDRAWL_YN, WITHDRAWL_AMOUNT, WITHDRAWL_DATE) VALUES('1000-44', 'N', '871000', parsedatetime('2020-05-17', 'yyyy-MM-dd'))
INSERT INTO ACCOUNT_HISTORY(ACCOUNT_NUM, WITHDRAWL_YN, WITHDRAWL_AMOUNT, WITHDRAWL_DATE) VALUES('1000-45', 'Y', '673300', parsedatetime('2020-01-13', 'yyyy-MM-dd'))
INSERT INTO ACCOUNT_HISTORY(ACCOUNT_NUM, WITHDRAWL_YN, WITHDRAWL_AMOUNT, WITHDRAWL_DATE) VALUES('1000-46', 'Y', '294300', parsedatetime('2019-04-05', 'yyyy-MM-dd'))
INSERT INTO ACCOUNT_HISTORY(ACCOUNT_NUM, WITHDRAWL_YN, WITHDRAWL_AMOUNT, WITHDRAWL_DATE) VALUES('1000-47', 'N', '454000', parsedatetime('2020-11-06', 'yyyy-MM-dd'))
INSERT INTO ACCOUNT_HISTORY(ACCOUNT_NUM, WITHDRAWL_YN, WITHDRAWL_AMOUNT, WITHDRAWL_DATE) VALUES('1000-48', 'N', '312500', parsedatetime('2021-01-18', 'yyyy-MM-dd'))
INSERT INTO ACCOUNT_HISTORY(ACCOUNT_NUM, WITHDRAWL_YN, WITHDRAWL_AMOUNT, WITHDRAWL_DATE) VALUES('1000-49', 'Y', '575800', parsedatetime('2021-07-28', 'yyyy-MM-dd'))
INSERT INTO ACCOUNT_HISTORY(ACCOUNT_NUM, WITHDRAWL_YN, WITHDRAWL_AMOUNT, WITHDRAWL_DATE) VALUES('1000-50', 'Y', '79400', parsedatetime('2021-07-31', 'yyyy-MM-dd'))
INSERT INTO ACCOUNT_HISTORY(ACCOUNT_NUM, WITHDRAWL_YN, WITHDRAWL_AMOUNT, WITHDRAWL_DATE) VALUES('1000-01', 'Y', '867900', parsedatetime('2020-06-27', 'yyyy-MM-dd'))
INSERT INTO ACCOUNT_HISTORY(ACCOUNT_NUM, WITHDRAWL_YN, WITHDRAWL_AMOUNT, WITHDRAWL_DATE) VALUES('1000-02', 'Y', '490200', parsedatetime('2021-08-29', 'yyyy-MM-dd'))
INSERT INTO ACCOUNT_HISTORY(ACCOUNT_NUM, WITHDRAWL_YN, WITHDRAWL_AMOUNT, WITHDRAWL_DATE) VALUES('1000-03', 'N', '794100', parsedatetime('2019-12-30', 'yyyy-MM-dd'))
INSERT INTO ACCOUNT_HISTORY(ACCOUNT_NUM, WITHDRAWL_YN, WITHDRAWL_AMOUNT, WITHDRAWL_DATE) VALUES('1000-04', 'Y', '338400', parsedatetime('2020-05-21', 'yyyy-MM-dd'))
INSERT INTO ACCOUNT_HISTORY(ACCOUNT_NUM, WITHDRAWL_YN, WITHDRAWL_AMOUNT, WITHDRAWL_DATE) VALUES('1000-05', 'Y', '250300', parsedatetime('2020-10-21', 'yyyy-MM-dd'))
INSERT INTO ACCOUNT_HISTORY(ACCOUNT_NUM, WITHDRAWL_YN, WITHDRAWL_AMOUNT, WITHDRAWL_DATE) VALUES('1000-06', 'Y', '259800', parsedatetime('2021-04-25', 'yyyy-MM-dd'))
INSERT INTO ACCOUNT_HISTORY(ACCOUNT_NUM, WITHDRAWL_YN, WITHDRAWL_AMOUNT, WITHDRAWL_DATE) VALUES('1000-07', 'Y', '300100', parsedatetime('2020-03-11', 'yyyy-MM-dd'))
INSERT INTO ACCOUNT_HISTORY(ACCOUNT_NUM, WITHDRAWL_YN, WITHDRAWL_AMOUNT, WITHDRAWL_DATE) VALUES('1000-08', 'N', '613400', parsedatetime('2019-05-16', 'yyyy-MM-dd'))
INSERT INTO ACCOUNT_HISTORY(ACCOUNT_NUM, WITHDRAWL_YN, WITHDRAWL_AMOUNT, WITHDRAWL_DATE) VALUES('1000-09', 'Y', '615700', parsedatetime('2020-12-19', 'yyyy-MM-dd'))
INSERT INTO ACCOUNT_HISTORY(ACCOUNT_NUM, WITHDRAWL_YN, WITHDRAWL_AMOUNT, WITHDRAWL_DATE) VALUES('1000-10', 'N', '594600', parsedatetime('2020-07-10', 'yyyy-MM-dd'))
INSERT INTO ACCOUNT_HISTORY(ACCOUNT_NUM, WITHDRAWL_YN, WITHDRAWL_AMOUNT, WITHDRAWL_DATE) VALUES('1000-11', 'N', '829800', parsedatetime('2020-04-09', 'yyyy-MM-dd'))
INSERT INTO ACCOUNT_HISTORY(ACCOUNT_NUM, WITHDRAWL_YN, WITHDRAWL_AMOUNT, WITHDRAWL_DATE) VALUES('1000-12', 'N', '975800', parsedatetime('2021-04-02', 'yyyy-MM-dd'))
INSERT INTO ACCOUNT_HISTORY(ACCOUNT_NUM, WITHDRAWL_YN, WITHDRAWL_AMOUNT, WITHDRAWL_DATE) VALUES('1000-13', 'N', '952900', parsedatetime('2021-03-31', 'yyyy-MM-dd'))
INSERT INTO ACCOUNT_HISTORY(ACCOUNT_NUM, WITHDRAWL_YN, WITHDRAWL_AMOUNT, WITHDRAWL_DATE) VALUES('1000-14', 'N', '342800', parsedatetime('2019-09-19', 'yyyy-MM-dd'))
INSERT INTO ACCOUNT_HISTORY(ACCOUNT_NUM, WITHDRAWL_YN, WITHDRAWL_AMOUNT, WITHDRAWL_DATE) VALUES('1000-15', 'Y', '790200', parsedatetime('2020-03-30', 'yyyy-MM-dd'))
INSERT INTO ACCOUNT_HISTORY(ACCOUNT_NUM, WITHDRAWL_YN, WITHDRAWL_AMOUNT, WITHDRAWL_DATE) VALUES('1000-16', 'Y', '17700', parsedatetime('2019-04-03', 'yyyy-MM-dd'))
INSERT INTO ACCOUNT_HISTORY(ACCOUNT_NUM, WITHDRAWL_YN, WITHDRAWL_AMOUNT, WITHDRAWL_DATE) VALUES('1000-17', 'Y', '665500', parsedatetime('2020-03-07', 'yyyy-MM-dd'))
INSERT INTO ACCOUNT_HISTORY(ACCOUNT_NUM, WITHDRAWL_YN, WITHDRAWL_AMOUNT, WITHDRAWL_DATE) VALUES('1000-18', 'Y', '735700', parsedatetime('2020-12-18', 'yyyy-MM-dd'))
INSERT INTO ACCOUNT_HISTORY(ACCOUNT_NUM, WITHDRAWL_YN, WITHDRAWL_AMOUNT, WITHDRAWL_DATE) VALUES('1000-19', 'Y', '424900', parsedatetime('2020-08-18', 'yyyy-MM-dd'))
INSERT INTO ACCOUNT_HISTORY(ACCOUNT_NUM, WITHDRAWL_YN, WITHDRAWL_AMOUNT, WITHDRAWL_DATE) VALUES('1000-20', 'Y', '544300', parsedatetime('2020-05-04', 'yyyy-MM-dd'))
INSERT INTO ACCOUNT_HISTORY(ACCOUNT_NUM, WITHDRAWL_YN, WITHDRAWL_AMOUNT, WITHDRAWL_DATE) VALUES('1000-21', 'Y', '610700', parsedatetime('2020-10-02', 'yyyy-MM-dd'))
INSERT INTO ACCOUNT_HISTORY(ACCOUNT_NUM, WITHDRAWL_YN, WITHDRAWL_AMOUNT, WITHDRAWL_DATE) VALUES('1000-22', 'Y', '613800', parsedatetime('2019-05-05', 'yyyy-MM-dd'))
INSERT INTO ACCOUNT_HISTORY(ACCOUNT_NUM, WITHDRAWL_YN, WITHDRAWL_AMOUNT, WITHDRAWL_DATE) VALUES('1000-23', 'Y', '654500', parsedatetime('2019-10-21', 'yyyy-MM-dd'))
INSERT INTO ACCOUNT_HISTORY(ACCOUNT_NUM, WITHDRAWL_YN, WITHDRAWL_AMOUNT, WITHDRAWL_DATE) VALUES('1000-24', 'Y', '892500', parsedatetime('2021-09-14', 'yyyy-MM-dd'))
INSERT INTO ACCOUNT_HISTORY(ACCOUNT_NUM, WITHDRAWL_YN, WITHDRAWL_AMOUNT, WITHDRAWL_DATE) VALUES('1000-25', 'Y', '480900', parsedatetime('2020-03-01', 'yyyy-MM-dd'))
INSERT INTO ACCOUNT_HISTORY(ACCOUNT_NUM, WITHDRAWL_YN, WITHDRAWL_AMOUNT, WITHDRAWL_DATE) VALUES('1000-26', 'Y', '218600', parsedatetime('2020-04-26', 'yyyy-MM-dd'))
INSERT INTO ACCOUNT_HISTORY(ACCOUNT_NUM, WITHDRAWL_YN, WITHDRAWL_AMOUNT, WITHDRAWL_DATE) VALUES('1000-27', 'Y', '763100', parsedatetime('2021-03-31', 'yyyy-MM-dd'))
INSERT INTO ACCOUNT_HISTORY(ACCOUNT_NUM, WITHDRAWL_YN, WITHDRAWL_AMOUNT, WITHDRAWL_DATE) VALUES('1000-28', 'Y', '767700', parsedatetime('2020-06-10', 'yyyy-MM-dd'))
INSERT INTO ACCOUNT_HISTORY(ACCOUNT_NUM, WITHDRAWL_YN, WITHDRAWL_AMOUNT, WITHDRAWL_DATE) VALUES('1000-29', 'Y', '246300', parsedatetime('2019-05-16', 'yyyy-MM-dd'))
INSERT INTO ACCOUNT_HISTORY(ACCOUNT_NUM, WITHDRAWL_YN, WITHDRAWL_AMOUNT, WITHDRAWL_DATE) VALUES('1000-30', 'Y', '119100', parsedatetime('2019-09-28', 'yyyy-MM-dd'))
INSERT INTO ACCOUNT_HISTORY(ACCOUNT_NUM, WITHDRAWL_YN, WITHDRAWL_AMOUNT, WITHDRAWL_DATE) VALUES('1000-31', 'Y', '488200', parsedatetime('2020-06-09', 'yyyy-MM-dd'))
INSERT INTO ACCOUNT_HISTORY(ACCOUNT_NUM, WITHDRAWL_YN, WITHDRAWL_AMOUNT, WITHDRAWL_DATE) VALUES('1000-32', 'N', '497900', parsedatetime('2021-05-05', 'yyyy-MM-dd'))
INSERT INTO ACCOUNT_HISTORY(ACCOUNT_NUM, WITHDRAWL_YN, WITHDRAWL_AMOUNT, WITHDRAWL_DATE) VALUES('1000-33', 'Y', '449000', parsedatetime('2019-09-29', 'yyyy-MM-dd'))
INSERT INTO ACCOUNT_HISTORY(ACCOUNT_NUM, WITHDRAWL_YN, WITHDRAWL_AMOUNT, WITHDRAWL_DATE) VALUES('1000-34', 'N', '548300', parsedatetime('2020-08-26', 'yyyy-MM-dd'))
INSERT INTO ACCOUNT_HISTORY(ACCOUNT_NUM, WITHDRAWL_YN, WITHDRAWL_AMOUNT, WITHDRAWL_DATE) VALUES('1000-35', 'Y', '136200', parsedatetime('2021-05-23', 'yyyy-MM-dd'))
INSERT INTO ACCOUNT_HISTORY(ACCOUNT_NUM, WITHDRAWL_YN, WITHDRAWL_AMOUNT, WITHDRAWL_DATE) VALUES('1000-36', 'Y', '883900', parsedatetime('2019-09-01', 'yyyy-MM-dd'))
INSERT INTO ACCOUNT_HISTORY(ACCOUNT_NUM, WITHDRAWL_YN, WITHDRAWL_AMOUNT, WITHDRAWL_DATE) VALUES('1000-37', 'N', '225800', parsedatetime('2019-04-23', 'yyyy-MM-dd'))
INSERT INTO ACCOUNT_HISTORY(ACCOUNT_NUM, WITHDRAWL_YN, WITHDRAWL_AMOUNT, WITHDRAWL_DATE) VALUES('1000-38', 'N', '143500', parsedatetime('2019-03-01', 'yyyy-MM-dd'))
INSERT INTO ACCOUNT_HISTORY(ACCOUNT_NUM, WITHDRAWL_YN, WITHDRAWL_AMOUNT, WITHDRAWL_DATE) VALUES('1000-39', 'N', '497500', parsedatetime('2021-05-27', 'yyyy-MM-dd'))
INSERT INTO ACCOUNT_HISTORY(ACCOUNT_NUM, WITHDRAWL_YN, WITHDRAWL_AMOUNT, WITHDRAWL_DATE) VALUES('1000-40', 'Y', '208200', parsedatetime('2021-01-27', 'yyyy-MM-dd'))
INSERT INTO ACCOUNT_HISTORY(ACCOUNT_NUM, WITHDRAWL_YN, WITHDRAWL_AMOUNT, WITHDRAWL_DATE) VALUES('1000-41', 'Y', '580400', parsedatetime('2021-04-27', 'yyyy-MM-dd'))
INSERT INTO ACCOUNT_HISTORY(ACCOUNT_NUM, WITHDRAWL_YN, WITHDRAWL_AMOUNT, WITHDRAWL_DATE) VALUES('1000-42', 'N', '490200', parsedatetime('2021-01-22', 'yyyy-MM-dd'))
INSERT INTO ACCOUNT_HISTORY(ACCOUNT_NUM, WITHDRAWL_YN, WITHDRAWL_AMOUNT, WITHDRAWL_DATE) VALUES('1000-43', 'N', '474800', parsedatetime('2021-05-04', 'yyyy-MM-dd'))
INSERT INTO ACCOUNT_HISTORY(ACCOUNT_NUM, WITHDRAWL_YN, WITHDRAWL_AMOUNT, WITHDRAWL_DATE) VALUES('1000-44', 'N', '246400', parsedatetime('2020-06-22', 'yyyy-MM-dd'))
INSERT INTO ACCOUNT_HISTORY(ACCOUNT_NUM, WITHDRAWL_YN, WITHDRAWL_AMOUNT, WITHDRAWL_DATE) VALUES('1000-45', 'N', '966600', parsedatetime('2019-12-03', 'yyyy-MM-dd'))
INSERT INTO ACCOUNT_HISTORY(ACCOUNT_NUM, WITHDRAWL_YN, WITHDRAWL_AMOUNT, WITHDRAWL_DATE) VALUES('1000-46', 'Y', '101800', parsedatetime('2020-07-10', 'yyyy-MM-dd'))
INSERT INTO ACCOUNT_HISTORY(ACCOUNT_NUM, WITHDRAWL_YN, WITHDRAWL_AMOUNT, WITHDRAWL_DATE) VALUES('1000-47', 'Y', '7900', parsedatetime('2019-12-06', 'yyyy-MM-dd'))
INSERT INTO ACCOUNT_HISTORY(ACCOUNT_NUM, WITHDRAWL_YN, WITHDRAWL_AMOUNT, WITHDRAWL_DATE) VALUES('1000-48', 'Y', '704800', parsedatetime('2019-04-12', 'yyyy-MM-dd'))
INSERT INTO ACCOUNT_HISTORY(ACCOUNT_NUM, WITHDRAWL_YN, WITHDRAWL_AMOUNT, WITHDRAWL_DATE) VALUES('1000-49', 'N', '18000', parsedatetime('2021-03-30', 'yyyy-MM-dd'))
INSERT INTO ACCOUNT_HISTORY(ACCOUNT_NUM, WITHDRAWL_YN, WITHDRAWL_AMOUNT, WITHDRAWL_DATE) VALUES('1000-50', 'Y', '737200', parsedatetime('2019-01-06', 'yyyy-MM-dd'))
INSERT INTO ACCOUNT_HISTORY(ACCOUNT_NUM, WITHDRAWL_YN, WITHDRAWL_AMOUNT, WITHDRAWL_DATE) VALUES('1000-01', 'Y', '63700', parsedatetime('2021-03-12', 'yyyy-MM-dd'))
INSERT INTO ACCOUNT_HISTORY(ACCOUNT_NUM, WITHDRAWL_YN, WITHDRAWL_AMOUNT, WITHDRAWL_DATE) VALUES('1000-02', 'N', '636800', parsedatetime('2019-01-18', 'yyyy-MM-dd'))
INSERT INTO ACCOUNT_HISTORY(ACCOUNT_NUM, WITHDRAWL_YN, WITHDRAWL_AMOUNT, WITHDRAWL_DATE) VALUES('1000-03', 'Y', '294600', parsedatetime('2019-11-22', 'yyyy-MM-dd'))
INSERT INTO ACCOUNT_HISTORY(ACCOUNT_NUM, WITHDRAWL_YN, WITHDRAWL_AMOUNT, WITHDRAWL_DATE) VALUES('1000-04', 'Y', '78200', parsedatetime('2021-01-21', 'yyyy-MM-dd'))
INSERT INTO ACCOUNT_HISTORY(ACCOUNT_NUM, WITHDRAWL_YN, WITHDRAWL_AMOUNT, WITHDRAWL_DATE) VALUES('1000-05', 'Y', '235700', parsedatetime('2019-06-13', 'yyyy-MM-dd'))
INSERT INTO ACCOUNT_HISTORY(ACCOUNT_NUM, WITHDRAWL_YN, WITHDRAWL_AMOUNT, WITHDRAWL_DATE) VALUES('1000-06', 'N', '151700', parsedatetime('2021-06-29', 'yyyy-MM-dd'))
INSERT INTO ACCOUNT_HISTORY(ACCOUNT_NUM, WITHDRAWL_YN, WITHDRAWL_AMOUNT, WITHDRAWL_DATE) VALUES('1000-07', 'Y', '49200', parsedatetime('2020-03-19', 'yyyy-MM-dd'))
INSERT INTO ACCOUNT_HISTORY(ACCOUNT_NUM, WITHDRAWL_YN, WITHDRAWL_AMOUNT, WITHDRAWL_DATE) VALUES('1000-08', 'Y', '268400', parsedatetime('2020-06-05', 'yyyy-MM-dd'))
INSERT INTO ACCOUNT_HISTORY(ACCOUNT_NUM, WITHDRAWL_YN, WITHDRAWL_AMOUNT, WITHDRAWL_DATE) VALUES('1000-09', 'N', '458300', parsedatetime('2019-02-25', 'yyyy-MM-dd'))
INSERT INTO ACCOUNT_HISTORY(ACCOUNT_NUM, WITHDRAWL_YN, WITHDRAWL_AMOUNT, WITHDRAWL_DATE) VALUES('1000-10', 'N', '282500', parsedatetime('2021-03-15', 'yyyy-MM-dd'))
INSERT INTO ACCOUNT_HISTORY(ACCOUNT_NUM, WITHDRAWL_YN, WITHDRAWL_AMOUNT, WITHDRAWL_DATE) VALUES('1000-11', 'Y', '573400', parsedatetime('2021-07-10', 'yyyy-MM-dd'))
INSERT INTO ACCOUNT_HISTORY(ACCOUNT_NUM, WITHDRAWL_YN, WITHDRAWL_AMOUNT, WITHDRAWL_DATE) VALUES('1000-12', 'N', '474400', parsedatetime('2020-08-17', 'yyyy-MM-dd'))
INSERT INTO ACCOUNT_HISTORY(ACCOUNT_NUM, WITHDRAWL_YN, WITHDRAWL_AMOUNT, WITHDRAWL_DATE) VALUES('1000-13', 'N', '123900', parsedatetime('2019-09-01', 'yyyy-MM-dd'))
INSERT INTO ACCOUNT_HISTORY(ACCOUNT_NUM, WITHDRAWL_YN, WITHDRAWL_AMOUNT, WITHDRAWL_DATE) VALUES('1000-14', 'Y', '306700', parsedatetime('2019-08-28', 'yyyy-MM-dd'))
INSERT INTO ACCOUNT_HISTORY(ACCOUNT_NUM, WITHDRAWL_YN, WITHDRAWL_AMOUNT, WITHDRAWL_DATE) VALUES('1000-15', 'Y', '909400', parsedatetime('2021-03-28', 'yyyy-MM-dd'))
INSERT INTO ACCOUNT_HISTORY(ACCOUNT_NUM, WITHDRAWL_YN, WITHDRAWL_AMOUNT, WITHDRAWL_DATE) VALUES('1000-16', 'Y', '353600', parsedatetime('2020-10-10', 'yyyy-MM-dd'))
INSERT INTO ACCOUNT_HISTORY(ACCOUNT_NUM, WITHDRAWL_YN, WITHDRAWL_AMOUNT, WITHDRAWL_DATE) VALUES('1000-17', 'Y', '339900', parsedatetime('2020-01-07', 'yyyy-MM-dd'))
INSERT INTO ACCOUNT_HISTORY(ACCOUNT_NUM, WITHDRAWL_YN, WITHDRAWL_AMOUNT, WITHDRAWL_DATE) VALUES('1000-18', 'N', '226200', parsedatetime('2019-01-24', 'yyyy-MM-dd'))
INSERT INTO ACCOUNT_HISTORY(ACCOUNT_NUM, WITHDRAWL_YN, WITHDRAWL_AMOUNT, WITHDRAWL_DATE) VALUES('1000-19', 'Y', '925300', parsedatetime('2019-01-31', 'yyyy-MM-dd'))
INSERT INTO ACCOUNT_HISTORY(ACCOUNT_NUM, WITHDRAWL_YN, WITHDRAWL_AMOUNT, WITHDRAWL_DATE) VALUES('1000-20', 'Y', '469600', parsedatetime('2020-07-03', 'yyyy-MM-dd'))
INSERT INTO ACCOUNT_HISTORY(ACCOUNT_NUM, WITHDRAWL_YN, WITHDRAWL_AMOUNT, WITHDRAWL_DATE) VALUES('1000-21', 'N', '414000', parsedatetime('2019-12-25', 'yyyy-MM-dd'))
INSERT INTO ACCOUNT_HISTORY(ACCOUNT_NUM, WITHDRAWL_YN, WITHDRAWL_AMOUNT, WITHDRAWL_DATE) VALUES('1000-22', 'N', '47800', parsedatetime('2020-01-15', 'yyyy-MM-dd'))
INSERT INTO ACCOUNT_HISTORY(ACCOUNT_NUM, WITHDRAWL_YN, WITHDRAWL_AMOUNT, WITHDRAWL_DATE) VALUES('1000-23', 'Y', '987600', parsedatetime('2021-03-06', 'yyyy-MM-dd'))
INSERT INTO ACCOUNT_HISTORY(ACCOUNT_NUM, WITHDRAWL_YN, WITHDRAWL_AMOUNT, WITHDRAWL_DATE) VALUES('1000-24', 'N', '487500', parsedatetime('2020-01-18', 'yyyy-MM-dd'))
INSERT INTO ACCOUNT_HISTORY(ACCOUNT_NUM, WITHDRAWL_YN, WITHDRAWL_AMOUNT, WITHDRAWL_DATE) VALUES('1000-25', 'Y', '93400', parsedatetime('2021-07-29', 'yyyy-MM-dd'))
INSERT INTO ACCOUNT_HISTORY(ACCOUNT_NUM, WITHDRAWL_YN, WITHDRAWL_AMOUNT, WITHDRAWL_DATE) VALUES('1000-26', 'Y', '723300', parsedatetime('2020-06-27', 'yyyy-MM-dd'))
INSERT INTO ACCOUNT_HISTORY(ACCOUNT_NUM, WITHDRAWL_YN, WITHDRAWL_AMOUNT, WITHDRAWL_DATE) VALUES('1000-27', 'Y', '301800', parsedatetime('2021-04-16', 'yyyy-MM-dd'))
INSERT INTO ACCOUNT_HISTORY(ACCOUNT_NUM, WITHDRAWL_YN, WITHDRAWL_AMOUNT, WITHDRAWL_DATE) VALUES('1000-28', 'Y', '650900', parsedatetime('2021-06-19', 'yyyy-MM-dd'))
INSERT INTO ACCOUNT_HISTORY(ACCOUNT_NUM, WITHDRAWL_YN, WITHDRAWL_AMOUNT, WITHDRAWL_DATE) VALUES('1000-29', 'Y', '546200', parsedatetime('2019-07-27', 'yyyy-MM-dd'))
INSERT INTO ACCOUNT_HISTORY(ACCOUNT_NUM, WITHDRAWL_YN, WITHDRAWL_AMOUNT, WITHDRAWL_DATE) VALUES('1000-30', 'N', '239600', parsedatetime('2019-06-17', 'yyyy-MM-dd'))
INSERT INTO ACCOUNT_HISTORY(ACCOUNT_NUM, WITHDRAWL_YN, WITHDRAWL_AMOUNT, WITHDRAWL_DATE) VALUES('1000-31', 'Y', '382400', parsedatetime('2021-04-17', 'yyyy-MM-dd'))
INSERT INTO ACCOUNT_HISTORY(ACCOUNT_NUM, WITHDRAWL_YN, WITHDRAWL_AMOUNT, WITHDRAWL_DATE) VALUES('1000-32', 'N', '187200', parsedatetime('2021-02-07', 'yyyy-MM-dd'))
INSERT INTO ACCOUNT_HISTORY(ACCOUNT_NUM, WITHDRAWL_YN, WITHDRAWL_AMOUNT, WITHDRAWL_DATE) VALUES('1000-33', 'Y', '620500', parsedatetime('2020-10-17', 'yyyy-MM-dd'))
INSERT INTO ACCOUNT_HISTORY(ACCOUNT_NUM, WITHDRAWL_YN, WITHDRAWL_AMOUNT, WITHDRAWL_DATE) VALUES('1000-34', 'Y', '478100', parsedatetime('2020-01-31', 'yyyy-MM-dd'))
INSERT INTO ACCOUNT_HISTORY(ACCOUNT_NUM, WITHDRAWL_YN, WITHDRAWL_AMOUNT, WITHDRAWL_DATE) VALUES('1000-35', 'Y', '936400', parsedatetime('2019-04-21', 'yyyy-MM-dd'))
INSERT INTO ACCOUNT_HISTORY(ACCOUNT_NUM, WITHDRAWL_YN, WITHDRAWL_AMOUNT, WITHDRAWL_DATE) VALUES('1000-36', 'N', '54900', parsedatetime('2019-12-13', 'yyyy-MM-dd'))
INSERT INTO ACCOUNT_HISTORY(ACCOUNT_NUM, WITHDRAWL_YN, WITHDRAWL_AMOUNT, WITHDRAWL_DATE) VALUES('1000-37', 'Y', '613900', parsedatetime('2021-05-12', 'yyyy-MM-dd'))
INSERT INTO ACCOUNT_HISTORY(ACCOUNT_NUM, WITHDRAWL_YN, WITHDRAWL_AMOUNT, WITHDRAWL_DATE) VALUES('1000-38', 'Y', '463600', parsedatetime('2020-11-27', 'yyyy-MM-dd'))
INSERT INTO ACCOUNT_HISTORY(ACCOUNT_NUM, WITHDRAWL_YN, WITHDRAWL_AMOUNT, WITHDRAWL_DATE) VALUES('1000-39', 'Y', '433000', parsedatetime('2019-07-08', 'yyyy-MM-dd'))
INSERT INTO ACCOUNT_HISTORY(ACCOUNT_NUM, WITHDRAWL_YN, WITHDRAWL_AMOUNT, WITHDRAWL_DATE) VALUES('1000-40', 'N', '21300', parsedatetime('2020-11-11', 'yyyy-MM-dd'))
INSERT INTO ACCOUNT_HISTORY(ACCOUNT_NUM, WITHDRAWL_YN, WITHDRAWL_AMOUNT, WITHDRAWL_DATE) VALUES('1000-41', 'Y', '765900', parsedatetime('2019-12-13', 'yyyy-MM-dd'))
INSERT INTO ACCOUNT_HISTORY(ACCOUNT_NUM, WITHDRAWL_YN, WITHDRAWL_AMOUNT, WITHDRAWL_DATE) VALUES('1000-42', 'Y', '650800', parsedatetime('2020-04-19', 'yyyy-MM-dd'))
INSERT INTO ACCOUNT_HISTORY(ACCOUNT_NUM, WITHDRAWL_YN, WITHDRAWL_AMOUNT, WITHDRAWL_DATE) VALUES('1000-43', 'Y', '480600', parsedatetime('2020-05-03', 'yyyy-MM-dd'))
INSERT INTO ACCOUNT_HISTORY(ACCOUNT_NUM, WITHDRAWL_YN, WITHDRAWL_AMOUNT, WITHDRAWL_DATE) VALUES('1000-44', 'Y', '289600', parsedatetime('2020-11-02', 'yyyy-MM-dd'))
INSERT INTO ACCOUNT_HISTORY(ACCOUNT_NUM, WITHDRAWL_YN, WITHDRAWL_AMOUNT, WITHDRAWL_DATE) VALUES('1000-45', 'N', '245600', parsedatetime('2020-03-14', 'yyyy-MM-dd'))
INSERT INTO ACCOUNT_HISTORY(ACCOUNT_NUM, WITHDRAWL_YN, WITHDRAWL_AMOUNT, WITHDRAWL_DATE) VALUES('1000-46', 'Y', '662000', parsedatetime('2019-04-29', 'yyyy-MM-dd'))
INSERT INTO ACCOUNT_HISTORY(ACCOUNT_NUM, WITHDRAWL_YN, WITHDRAWL_AMOUNT, WITHDRAWL_DATE) VALUES('1000-47', 'N', '491700', parsedatetime('2020-09-15', 'yyyy-MM-dd'))
INSERT INTO ACCOUNT_HISTORY(ACCOUNT_NUM, WITHDRAWL_YN, WITHDRAWL_AMOUNT, WITHDRAWL_DATE) VALUES('1000-48', 'N', '281200', parsedatetime('2020-04-26', 'yyyy-MM-dd'))
INSERT INTO ACCOUNT_HISTORY(ACCOUNT_NUM, WITHDRAWL_YN, WITHDRAWL_AMOUNT, WITHDRAWL_DATE) VALUES('1000-49', 'N', '206200', parsedatetime('2021-08-13', 'yyyy-MM-dd'))
INSERT INTO ACCOUNT_HISTORY(ACCOUNT_NUM, WITHDRAWL_YN, WITHDRAWL_AMOUNT, WITHDRAWL_DATE) VALUES('1000-50', 'N', '952900', parsedatetime('2020-06-10', 'yyyy-MM-dd'))
INSERT INTO ACCOUNT_HISTORY(ACCOUNT_NUM, WITHDRAWL_YN, WITHDRAWL_AMOUNT, WITHDRAWL_DATE) VALUES('1000-01', 'N', '626000', parsedatetime('2021-07-28', 'yyyy-MM-dd'))
INSERT INTO ACCOUNT_HISTORY(ACCOUNT_NUM, WITHDRAWL_YN, WITHDRAWL_AMOUNT, WITHDRAWL_DATE) VALUES('1000-02', 'Y', '310000', parsedatetime('2019-09-04', 'yyyy-MM-dd'))
INSERT INTO ACCOUNT_HISTORY(ACCOUNT_NUM, WITHDRAWL_YN, WITHDRAWL_AMOUNT, WITHDRAWL_DATE) VALUES('1000-03', 'Y', '448600', parsedatetime('2021-05-06', 'yyyy-MM-dd'))
INSERT INTO ACCOUNT_HISTORY(ACCOUNT_NUM, WITHDRAWL_YN, WITHDRAWL_AMOUNT, WITHDRAWL_DATE) VALUES('1000-04', 'Y', '565100', parsedatetime('2019-07-19', 'yyyy-MM-dd'))
INSERT INTO ACCOUNT_HISTORY(ACCOUNT_NUM, WITHDRAWL_YN, WITHDRAWL_AMOUNT, WITHDRAWL_DATE) VALUES('1000-05', 'N', '847100', parsedatetime('2019-05-01', 'yyyy-MM-dd'))
INSERT INTO ACCOUNT_HISTORY(ACCOUNT_NUM, WITHDRAWL_YN, WITHDRAWL_AMOUNT, WITHDRAWL_DATE) VALUES('1000-06', 'Y', '804000', parsedatetime('2020-11-03', 'yyyy-MM-dd'))
INSERT INTO ACCOUNT_HISTORY(ACCOUNT_NUM, WITHDRAWL_YN, WITHDRAWL_AMOUNT, WITHDRAWL_DATE) VALUES('1000-07', 'Y', '554100', parsedatetime('2019-02-15', 'yyyy-MM-dd'))
INSERT INTO ACCOUNT_HISTORY(ACCOUNT_NUM, WITHDRAWL_YN, WITHDRAWL_AMOUNT, WITHDRAWL_DATE) VALUES('1000-08', 'Y', '805500', parsedatetime('2021-04-29', 'yyyy-MM-dd'))
INSERT INTO ACCOUNT_HISTORY(ACCOUNT_NUM, WITHDRAWL_YN, WITHDRAWL_AMOUNT, WITHDRAWL_DATE) VALUES('1000-09', 'Y', '931000', parsedatetime('2019-01-10', 'yyyy-MM-dd'))
INSERT INTO ACCOUNT_HISTORY(ACCOUNT_NUM, WITHDRAWL_YN, WITHDRAWL_AMOUNT, WITHDRAWL_DATE) VALUES('1000-10', 'Y', '704600', parsedatetime('2021-01-28', 'yyyy-MM-dd'))
INSERT INTO ACCOUNT_HISTORY(ACCOUNT_NUM, WITHDRAWL_YN, WITHDRAWL_AMOUNT, WITHDRAWL_DATE) VALUES('1000-11', 'Y', '669500', parsedatetime('2019-12-25', 'yyyy-MM-dd'))
INSERT INTO ACCOUNT_HISTORY(ACCOUNT_NUM, WITHDRAWL_YN, WITHDRAWL_AMOUNT, WITHDRAWL_DATE) VALUES('1000-12', 'Y', '480000', parsedatetime('2020-11-28', 'yyyy-MM-dd'))
INSERT INTO ACCOUNT_HISTORY(ACCOUNT_NUM, WITHDRAWL_YN, WITHDRAWL_AMOUNT, WITHDRAWL_DATE) VALUES('1000-13', 'N', '64000', parsedatetime('2019-07-22', 'yyyy-MM-dd'))
INSERT INTO ACCOUNT_HISTORY(ACCOUNT_NUM, WITHDRAWL_YN, WITHDRAWL_AMOUNT, WITHDRAWL_DATE) VALUES('1000-14', 'Y', '554800', parsedatetime('2020-09-15', 'yyyy-MM-dd'))
INSERT INTO ACCOUNT_HISTORY(ACCOUNT_NUM, WITHDRAWL_YN, WITHDRAWL_AMOUNT, WITHDRAWL_DATE) VALUES('1000-15', 'Y', '718100', parsedatetime('2019-07-20', 'yyyy-MM-dd'))
INSERT INTO ACCOUNT_HISTORY(ACCOUNT_NUM, WITHDRAWL_YN, WITHDRAWL_AMOUNT, WITHDRAWL_DATE) VALUES('1000-16', 'Y', '604800', parsedatetime('2021-04-06', 'yyyy-MM-dd'))
INSERT INTO ACCOUNT_HISTORY(ACCOUNT_NUM, WITHDRAWL_YN, WITHDRAWL_AMOUNT, WITHDRAWL_DATE) VALUES('1000-17', 'Y', '569700', parsedatetime('2021-01-30', 'yyyy-MM-dd'))
INSERT INTO ACCOUNT_HISTORY(ACCOUNT_NUM, WITHDRAWL_YN, WITHDRAWL_AMOUNT, WITHDRAWL_DATE) VALUES('1000-18', 'Y', '481300', parsedatetime('2019-01-30', 'yyyy-MM-dd'))
INSERT INTO ACCOUNT_HISTORY(ACCOUNT_NUM, WITHDRAWL_YN, WITHDRAWL_AMOUNT, WITHDRAWL_DATE) VALUES('1000-19', 'Y', '331000', parsedatetime('2020-01-19', 'yyyy-MM-dd'))
INSERT INTO ACCOUNT_HISTORY(ACCOUNT_NUM, WITHDRAWL_YN, WITHDRAWL_AMOUNT, WITHDRAWL_DATE) VALUES('1000-20', 'Y', '911800', parsedatetime('2021-07-23', 'yyyy-MM-dd'))
INSERT INTO ACCOUNT_HISTORY(ACCOUNT_NUM, WITHDRAWL_YN, WITHDRAWL_AMOUNT, WITHDRAWL_DATE) VALUES('1000-21', 'Y', '203900', parsedatetime('2020-07-06', 'yyyy-MM-dd'))
INSERT INTO ACCOUNT_HISTORY(ACCOUNT_NUM, WITHDRAWL_YN, WITHDRAWL_AMOUNT, WITHDRAWL_DATE) VALUES('1000-22', 'Y', '784000', parsedatetime('2020-07-19', 'yyyy-MM-dd'))
INSERT INTO ACCOUNT_HISTORY(ACCOUNT_NUM, WITHDRAWL_YN, WITHDRAWL_AMOUNT, WITHDRAWL_DATE) VALUES('1000-23', 'Y', '940700', parsedatetime('2019-11-11', 'yyyy-MM-dd'))
INSERT INTO ACCOUNT_HISTORY(ACCOUNT_NUM, WITHDRAWL_YN, WITHDRAWL_AMOUNT, WITHDRAWL_DATE) VALUES('1000-24', 'N', '631500', parsedatetime('2021-02-06', 'yyyy-MM-dd'))
INSERT INTO ACCOUNT_HISTORY(ACCOUNT_NUM, WITHDRAWL_YN, WITHDRAWL_AMOUNT, WITHDRAWL_DATE) VALUES('1000-25', 'Y', '518600', parsedatetime('2021-02-24', 'yyyy-MM-dd'))
INSERT INTO ACCOUNT_HISTORY(ACCOUNT_NUM, WITHDRAWL_YN, WITHDRAWL_AMOUNT, WITHDRAWL_DATE) VALUES('1000-26', 'Y', '493100', parsedatetime('2019-08-22', 'yyyy-MM-dd'))
INSERT INTO ACCOUNT_HISTORY(ACCOUNT_NUM, WITHDRAWL_YN, WITHDRAWL_AMOUNT, WITHDRAWL_DATE) VALUES('1000-27', 'Y', '710000', parsedatetime('2020-01-15', 'yyyy-MM-dd'))
INSERT INTO ACCOUNT_HISTORY(ACCOUNT_NUM, WITHDRAWL_YN, WITHDRAWL_AMOUNT, WITHDRAWL_DATE) VALUES('1000-28', 'Y', '640600', parsedatetime('2019-01-09', 'yyyy-MM-dd'))
INSERT INTO ACCOUNT_HISTORY(ACCOUNT_NUM, WITHDRAWL_YN, WITHDRAWL_AMOUNT, WITHDRAWL_DATE) VALUES('1000-29', 'N', '939300', parsedatetime('2019-10-07', 'yyyy-MM-dd'))
INSERT INTO ACCOUNT_HISTORY(ACCOUNT_NUM, WITHDRAWL_YN, WITHDRAWL_AMOUNT, WITHDRAWL_DATE) VALUES('1000-30', 'N', '713700', parsedatetime('2020-12-29', 'yyyy-MM-dd'))
INSERT INTO ACCOUNT_HISTORY(ACCOUNT_NUM, WITHDRAWL_YN, WITHDRAWL_AMOUNT, WITHDRAWL_DATE) VALUES('1000-31', 'Y', '968400', parsedatetime('2021-08-21', 'yyyy-MM-dd'))
INSERT INTO ACCOUNT_HISTORY(ACCOUNT_NUM, WITHDRAWL_YN, WITHDRAWL_AMOUNT, WITHDRAWL_DATE) VALUES('1000-32', 'Y', '969800', parsedatetime('2019-11-24', 'yyyy-MM-dd'))
INSERT INTO ACCOUNT_HISTORY(ACCOUNT_NUM, WITHDRAWL_YN, WITHDRAWL_AMOUNT, WITHDRAWL_DATE) VALUES('1000-33', 'Y', '408200', parsedatetime('2019-05-14', 'yyyy-MM-dd'))
INSERT INTO ACCOUNT_HISTORY(ACCOUNT_NUM, WITHDRAWL_YN, WITHDRAWL_AMOUNT, WITHDRAWL_DATE) VALUES('1000-34', 'Y', '546300', parsedatetime('2020-02-14', 'yyyy-MM-dd'))
INSERT INTO ACCOUNT_HISTORY(ACCOUNT_NUM, WITHDRAWL_YN, WITHDRAWL_AMOUNT, WITHDRAWL_DATE) VALUES('1000-35', 'Y', '254600', parsedatetime('2020-09-28', 'yyyy-MM-dd'))
INSERT INTO ACCOUNT_HISTORY(ACCOUNT_NUM, WITHDRAWL_YN, WITHDRAWL_AMOUNT, WITHDRAWL_DATE) VALUES('1000-36', 'N', '704700', parsedatetime('2021-05-29', 'yyyy-MM-dd'))
INSERT INTO ACCOUNT_HISTORY(ACCOUNT_NUM, WITHDRAWL_YN, WITHDRAWL_AMOUNT, WITHDRAWL_DATE) VALUES('1000-37', 'N', '651200', parsedatetime('2019-07-20', 'yyyy-MM-dd'))
INSERT INTO ACCOUNT_HISTORY(ACCOUNT_NUM, WITHDRAWL_YN, WITHDRAWL_AMOUNT, WITHDRAWL_DATE) VALUES('1000-38', 'N', '635900', parsedatetime('2021-07-08', 'yyyy-MM-dd'))
INSERT INTO ACCOUNT_HISTORY(ACCOUNT_NUM, WITHDRAWL_YN, WITHDRAWL_AMOUNT, WITHDRAWL_DATE) VALUES('1000-39', 'N', '229600', parsedatetime('2020-03-22', 'yyyy-MM-dd'))
INSERT INTO ACCOUNT_HISTORY(ACCOUNT_NUM, WITHDRAWL_YN, WITHDRAWL_AMOUNT, WITHDRAWL_DATE) VALUES('1000-40', 'Y', '28400', parsedatetime('2019-04-07', 'yyyy-MM-dd'))
INSERT INTO ACCOUNT_HISTORY(ACCOUNT_NUM, WITHDRAWL_YN, WITHDRAWL_AMOUNT, WITHDRAWL_DATE) VALUES('1000-41', 'Y', '183200', parsedatetime('2021-02-17', 'yyyy-MM-dd'))
INSERT INTO ACCOUNT_HISTORY(ACCOUNT_NUM, WITHDRAWL_YN, WITHDRAWL_AMOUNT, WITHDRAWL_DATE) VALUES('1000-42', 'N', '872000', parsedatetime('2020-02-27', 'yyyy-MM-dd'))
INSERT INTO ACCOUNT_HISTORY(ACCOUNT_NUM, WITHDRAWL_YN, WITHDRAWL_AMOUNT, WITHDRAWL_DATE) VALUES('1000-43', 'Y', '634900', parsedatetime('2020-08-28', 'yyyy-MM-dd'))
INSERT INTO ACCOUNT_HISTORY(ACCOUNT_NUM, WITHDRAWL_YN, WITHDRAWL_AMOUNT, WITHDRAWL_DATE) VALUES('1000-44', 'Y', '739000', parsedatetime('2020-07-11', 'yyyy-MM-dd'))
INSERT INTO ACCOUNT_HISTORY(ACCOUNT_NUM, WITHDRAWL_YN, WITHDRAWL_AMOUNT, WITHDRAWL_DATE) VALUES('1000-45', 'Y', '753000', parsedatetime('2019-06-29', 'yyyy-MM-dd'))
INSERT INTO ACCOUNT_HISTORY(ACCOUNT_NUM, WITHDRAWL_YN, WITHDRAWL_AMOUNT, WITHDRAWL_DATE) VALUES('1000-46', 'Y', '360800', parsedatetime('2020-02-08', 'yyyy-MM-dd'))
INSERT INTO ACCOUNT_HISTORY(ACCOUNT_NUM, WITHDRAWL_YN, WITHDRAWL_AMOUNT, WITHDRAWL_DATE) VALUES('1000-47', 'Y', '488000', parsedatetime('2021-02-12', 'yyyy-MM-dd'))
INSERT INTO ACCOUNT_HISTORY(ACCOUNT_NUM, WITHDRAWL_YN, WITHDRAWL_AMOUNT, WITHDRAWL_DATE) VALUES('1000-48', 'Y', '561600', parsedatetime('2020-10-01', 'yyyy-MM-dd'))
INSERT INTO ACCOUNT_HISTORY(ACCOUNT_NUM, WITHDRAWL_YN, WITHDRAWL_AMOUNT, WITHDRAWL_DATE) VALUES('1000-49', 'N', '765400', parsedatetime('2019-08-21', 'yyyy-MM-dd'))
INSERT INTO ACCOUNT_HISTORY(ACCOUNT_NUM, WITHDRAWL_YN, WITHDRAWL_AMOUNT, WITHDRAWL_DATE) VALUES('1000-50', 'Y', '817400', parsedatetime('2019-11-18', 'yyyy-MM-dd'))
INSERT INTO ACCOUNT_HISTORY(ACCOUNT_NUM, WITHDRAWL_YN, WITHDRAWL_AMOUNT, WITHDRAWL_DATE) VALUES('1000-01', 'N', '639000', parsedatetime('2020-10-17', 'yyyy-MM-dd'))
INSERT INTO ACCOUNT_HISTORY(ACCOUNT_NUM, WITHDRAWL_YN, WITHDRAWL_AMOUNT, WITHDRAWL_DATE) VALUES('1000-02', 'N', '82500', parsedatetime('2021-05-03', 'yyyy-MM-dd'))
INSERT INTO ACCOUNT_HISTORY(ACCOUNT_NUM, WITHDRAWL_YN, WITHDRAWL_AMOUNT, WITHDRAWL_DATE) VALUES('1000-03', 'Y', '66700', parsedatetime('2021-08-02', 'yyyy-MM-dd'))
INSERT INTO ACCOUNT_HISTORY(ACCOUNT_NUM, WITHDRAWL_YN, WITHDRAWL_AMOUNT, WITHDRAWL_DATE) VALUES('1000-04', 'N', '317300', parsedatetime('2019-05-02', 'yyyy-MM-dd'))
INSERT INTO ACCOUNT_HISTORY(ACCOUNT_NUM, WITHDRAWL_YN, WITHDRAWL_AMOUNT, WITHDRAWL_DATE) VALUES('1000-05', 'Y', '635100', parsedatetime('2019-05-22', 'yyyy-MM-dd'))
INSERT INTO ACCOUNT_HISTORY(ACCOUNT_NUM, WITHDRAWL_YN, WITHDRAWL_AMOUNT, WITHDRAWL_DATE) VALUES('1000-06', 'Y', '938500', parsedatetime('2021-04-05', 'yyyy-MM-dd'))
INSERT INTO ACCOUNT_HISTORY(ACCOUNT_NUM, WITHDRAWL_YN, WITHDRAWL_AMOUNT, WITHDRAWL_DATE) VALUES('1000-07', 'N', '348500', parsedatetime('2019-02-26', 'yyyy-MM-dd'))
INSERT INTO ACCOUNT_HISTORY(ACCOUNT_NUM, WITHDRAWL_YN, WITHDRAWL_AMOUNT, WITHDRAWL_DATE) VALUES('1000-08', 'Y', '449300', parsedatetime('2021-03-26', 'yyyy-MM-dd'))
INSERT INTO ACCOUNT_HISTORY(ACCOUNT_NUM, WITHDRAWL_YN, WITHDRAWL_AMOUNT, WITHDRAWL_DATE) VALUES('1000-09', 'N', '348400', parsedatetime('2021-01-25', 'yyyy-MM-dd'))
INSERT INTO ACCOUNT_HISTORY(ACCOUNT_NUM, WITHDRAWL_YN, WITHDRAWL_AMOUNT, WITHDRAWL_DATE) VALUES('1000-10', 'Y', '923400', parsedatetime('2019-01-05', 'yyyy-MM-dd'))
INSERT INTO ACCOUNT_HISTORY(ACCOUNT_NUM, WITHDRAWL_YN, WITHDRAWL_AMOUNT, WITHDRAWL_DATE) VALUES('1000-11', 'N', '451700', parsedatetime('2020-02-21', 'yyyy-MM-dd'))
INSERT INTO ACCOUNT_HISTORY(ACCOUNT_NUM, WITHDRAWL_YN, WITHDRAWL_AMOUNT, WITHDRAWL_DATE) VALUES('1000-12', 'Y', '424900', parsedatetime('2020-06-28', 'yyyy-MM-dd'))
INSERT INTO ACCOUNT_HISTORY(ACCOUNT_NUM, WITHDRAWL_YN, WITHDRAWL_AMOUNT, WITHDRAWL_DATE) VALUES('1000-13', 'Y', '70300', parsedatetime('2019-04-27', 'yyyy-MM-dd'))
INSERT INTO ACCOUNT_HISTORY(ACCOUNT_NUM, WITHDRAWL_YN, WITHDRAWL_AMOUNT, WITHDRAWL_DATE) VALUES('1000-14', 'N', '972900', parsedatetime('2021-01-16', 'yyyy-MM-dd'))
INSERT INTO ACCOUNT_HISTORY(ACCOUNT_NUM, WITHDRAWL_YN, WITHDRAWL_AMOUNT, WITHDRAWL_DATE) VALUES('1000-15', 'Y', '239400', parsedatetime('2021-01-10', 'yyyy-MM-dd'))
INSERT INTO ACCOUNT_HISTORY(ACCOUNT_NUM, WITHDRAWL_YN, WITHDRAWL_AMOUNT, WITHDRAWL_DATE) VALUES('1000-16', 'Y', '62200', parsedatetime('2020-04-24', 'yyyy-MM-dd'))
INSERT INTO ACCOUNT_HISTORY(ACCOUNT_NUM, WITHDRAWL_YN, WITHDRAWL_AMOUNT, WITHDRAWL_DATE) VALUES('1000-17', 'Y', '506100', parsedatetime('2019-06-05', 'yyyy-MM-dd'))
INSERT INTO ACCOUNT_HISTORY(ACCOUNT_NUM, WITHDRAWL_YN, WITHDRAWL_AMOUNT, WITHDRAWL_DATE) VALUES('1000-18', 'N', '277300', parsedatetime('2021-08-06', 'yyyy-MM-dd'))
INSERT INTO ACCOUNT_HISTORY(ACCOUNT_NUM, WITHDRAWL_YN, WITHDRAWL_AMOUNT, WITHDRAWL_DATE) VALUES('1000-19', 'Y', '765100', parsedatetime('2020-06-03', 'yyyy-MM-dd'))
INSERT INTO ACCOUNT_HISTORY(ACCOUNT_NUM, WITHDRAWL_YN, WITHDRAWL_AMOUNT, WITHDRAWL_DATE) VALUES('1000-20', 'N', '936100', parsedatetime('2020-09-07', 'yyyy-MM-dd'))
INSERT INTO ACCOUNT_HISTORY(ACCOUNT_NUM, WITHDRAWL_YN, WITHDRAWL_AMOUNT, WITHDRAWL_DATE) VALUES('1000-21', 'N', '957500', parsedatetime('2021-01-20', 'yyyy-MM-dd'))
INSERT INTO ACCOUNT_HISTORY(ACCOUNT_NUM, WITHDRAWL_YN, WITHDRAWL_AMOUNT, WITHDRAWL_DATE) VALUES('1000-22', 'N', '723000', parsedatetime('2020-10-28', 'yyyy-MM-dd'))
INSERT INTO ACCOUNT_HISTORY(ACCOUNT_NUM, WITHDRAWL_YN, WITHDRAWL_AMOUNT, WITHDRAWL_DATE) VALUES('1000-23', 'Y', '659500', parsedatetime('2020-02-14', 'yyyy-MM-dd'))
INSERT INTO ACCOUNT_HISTORY(ACCOUNT_NUM, WITHDRAWL_YN, WITHDRAWL_AMOUNT, WITHDRAWL_DATE) VALUES('1000-24', 'N', '984200', parsedatetime('2021-06-28', 'yyyy-MM-dd'))
INSERT INTO ACCOUNT_HISTORY(ACCOUNT_NUM, WITHDRAWL_YN, WITHDRAWL_AMOUNT, WITHDRAWL_DATE) VALUES('1000-25', 'N', '605000', parsedatetime('2020-04-02', 'yyyy-MM-dd'))
INSERT INTO ACCOUNT_HISTORY(ACCOUNT_NUM, WITHDRAWL_YN, WITHDRAWL_AMOUNT, WITHDRAWL_DATE) VALUES('1000-26', 'Y', '515700', parsedatetime('2020-08-07', 'yyyy-MM-dd'))
INSERT INTO ACCOUNT_HISTORY(ACCOUNT_NUM, WITHDRAWL_YN, WITHDRAWL_AMOUNT, WITHDRAWL_DATE) VALUES('1000-27', 'Y', '97700', parsedatetime('2019-12-04', 'yyyy-MM-dd'))
INSERT INTO ACCOUNT_HISTORY(ACCOUNT_NUM, WITHDRAWL_YN, WITHDRAWL_AMOUNT, WITHDRAWL_DATE) VALUES('1000-28', 'Y', '742100', parsedatetime('2019-02-08', 'yyyy-MM-dd'))
INSERT INTO ACCOUNT_HISTORY(ACCOUNT_NUM, WITHDRAWL_YN, WITHDRAWL_AMOUNT, WITHDRAWL_DATE) VALUES('1000-29', 'N', '824800', parsedatetime('2020-06-30', 'yyyy-MM-dd'))
INSERT INTO ACCOUNT_HISTORY(ACCOUNT_NUM, WITHDRAWL_YN, WITHDRAWL_AMOUNT, WITHDRAWL_DATE) VALUES('1000-30', 'N', '958300', parsedatetime('2020-11-21', 'yyyy-MM-dd'))
INSERT INTO ACCOUNT_HISTORY(ACCOUNT_NUM, WITHDRAWL_YN, WITHDRAWL_AMOUNT, WITHDRAWL_DATE) VALUES('1000-31', 'N', '287500', parsedatetime('2020-05-19', 'yyyy-MM-dd'))
INSERT INTO ACCOUNT_HISTORY(ACCOUNT_NUM, WITHDRAWL_YN, WITHDRAWL_AMOUNT, WITHDRAWL_DATE) VALUES('1000-32', 'N', '410000', parsedatetime('2019-08-05', 'yyyy-MM-dd'))
INSERT INTO ACCOUNT_HISTORY(ACCOUNT_NUM, WITHDRAWL_YN, WITHDRAWL_AMOUNT, WITHDRAWL_DATE) VALUES('1000-33', 'Y', '374100', parsedatetime('2021-02-20', 'yyyy-MM-dd'))
INSERT INTO ACCOUNT_HISTORY(ACCOUNT_NUM, WITHDRAWL_YN, WITHDRAWL_AMOUNT, WITHDRAWL_DATE) VALUES('1000-34', 'Y', '580200', parsedatetime('2020-02-19', 'yyyy-MM-dd'))
INSERT INTO ACCOUNT_HISTORY(ACCOUNT_NUM, WITHDRAWL_YN, WITHDRAWL_AMOUNT, WITHDRAWL_DATE) VALUES('1000-35', 'Y', '305000', parsedatetime('2020-06-10', 'yyyy-MM-dd'))
INSERT INTO ACCOUNT_HISTORY(ACCOUNT_NUM, WITHDRAWL_YN, WITHDRAWL_AMOUNT, WITHDRAWL_DATE) VALUES('1000-36', 'Y', '124800', parsedatetime('2021-05-25', 'yyyy-MM-dd'))
INSERT INTO ACCOUNT_HISTORY(ACCOUNT_NUM, WITHDRAWL_YN, WITHDRAWL_AMOUNT, WITHDRAWL_DATE) VALUES('1000-37', 'N', '65500', parsedatetime('2021-06-04', 'yyyy-MM-dd'))
INSERT INTO ACCOUNT_HISTORY(ACCOUNT_NUM, WITHDRAWL_YN, WITHDRAWL_AMOUNT, WITHDRAWL_DATE) VALUES('1000-38', 'Y', '968500', parsedatetime('2020-03-06', 'yyyy-MM-dd'))
INSERT INTO ACCOUNT_HISTORY(ACCOUNT_NUM, WITHDRAWL_YN, WITHDRAWL_AMOUNT, WITHDRAWL_DATE) VALUES('1000-39', 'N', '520800', parsedatetime('2020-10-22', 'yyyy-MM-dd'))
INSERT INTO ACCOUNT_HISTORY(ACCOUNT_NUM, WITHDRAWL_YN, WITHDRAWL_AMOUNT, WITHDRAWL_DATE) VALUES('1000-40', 'N', '305400', parsedatetime('2019-08-26', 'yyyy-MM-dd'))
INSERT INTO ACCOUNT_HISTORY(ACCOUNT_NUM, WITHDRAWL_YN, WITHDRAWL_AMOUNT, WITHDRAWL_DATE) VALUES('1000-41', 'Y', '428500', parsedatetime('2020-03-06', 'yyyy-MM-dd'))
INSERT INTO ACCOUNT_HISTORY(ACCOUNT_NUM, WITHDRAWL_YN, WITHDRAWL_AMOUNT, WITHDRAWL_DATE) VALUES('1000-42', 'Y', '991100', parsedatetime('2021-02-01', 'yyyy-MM-dd'))
INSERT INTO ACCOUNT_HISTORY(ACCOUNT_NUM, WITHDRAWL_YN, WITHDRAWL_AMOUNT, WITHDRAWL_DATE) VALUES('1000-43', 'Y', '765500', parsedatetime('2021-06-16', 'yyyy-MM-dd'))
INSERT INTO ACCOUNT_HISTORY(ACCOUNT_NUM, WITHDRAWL_YN, WITHDRAWL_AMOUNT, WITHDRAWL_DATE) VALUES('1000-44', 'N', '960600', parsedatetime('2020-10-04', 'yyyy-MM-dd'))
INSERT INTO ACCOUNT_HISTORY(ACCOUNT_NUM, WITHDRAWL_YN, WITHDRAWL_AMOUNT, WITHDRAWL_DATE) VALUES('1000-45', 'Y', '93500', parsedatetime('2020-11-14', 'yyyy-MM-dd'))
INSERT INTO ACCOUNT_HISTORY(ACCOUNT_NUM, WITHDRAWL_YN, WITHDRAWL_AMOUNT, WITHDRAWL_DATE) VALUES('1000-46', 'N', '674000', parsedatetime('2019-05-22', 'yyyy-MM-dd'))
INSERT INTO ACCOUNT_HISTORY(ACCOUNT_NUM, WITHDRAWL_YN, WITHDRAWL_AMOUNT, WITHDRAWL_DATE) VALUES('1000-47', 'Y', '386800', parsedatetime('2019-02-14', 'yyyy-MM-dd'))
INSERT INTO ACCOUNT_HISTORY(ACCOUNT_NUM, WITHDRAWL_YN, WITHDRAWL_AMOUNT, WITHDRAWL_DATE) VALUES('1000-48', 'Y', '681800', parsedatetime('2020-12-29', 'yyyy-MM-dd'))
INSERT INTO ACCOUNT_HISTORY(ACCOUNT_NUM, WITHDRAWL_YN, WITHDRAWL_AMOUNT, WITHDRAWL_DATE) VALUES('1000-49', 'Y', '223300', parsedatetime('2019-09-19', 'yyyy-MM-dd'))
INSERT INTO ACCOUNT_HISTORY(ACCOUNT_NUM, WITHDRAWL_YN, WITHDRAWL_AMOUNT, WITHDRAWL_DATE) VALUES('1000-50', 'N', '836000', parsedatetime('2019-07-12', 'yyyy-MM-dd'))
INSERT INTO ACCOUNT_HISTORY(ACCOUNT_NUM, WITHDRAWL_YN, WITHDRAWL_AMOUNT, WITHDRAWL_DATE) VALUES('1000-01', 'N', '142400', parsedatetime('2021-03-19', 'yyyy-MM-dd'))
INSERT INTO ACCOUNT_HISTORY(ACCOUNT_NUM, WITHDRAWL_YN, WITHDRAWL_AMOUNT, WITHDRAWL_DATE) VALUES('1000-02', 'Y', '788100', parsedatetime('2019-12-02', 'yyyy-MM-dd'))
INSERT INTO ACCOUNT_HISTORY(ACCOUNT_NUM, WITHDRAWL_YN, WITHDRAWL_AMOUNT, WITHDRAWL_DATE) VALUES('1000-03', 'N', '603000', parsedatetime('2019-04-14', 'yyyy-MM-dd'))
INSERT INTO ACCOUNT_HISTORY(ACCOUNT_NUM, WITHDRAWL_YN, WITHDRAWL_AMOUNT, WITHDRAWL_DATE) VALUES('1000-04', 'N', '67300', parsedatetime('2021-09-02', 'yyyy-MM-dd'))
INSERT INTO ACCOUNT_HISTORY(ACCOUNT_NUM, WITHDRAWL_YN, WITHDRAWL_AMOUNT, WITHDRAWL_DATE) VALUES('1000-05', 'Y', '596200', parsedatetime('2020-06-30', 'yyyy-MM-dd'))
INSERT INTO ACCOUNT_HISTORY(ACCOUNT_NUM, WITHDRAWL_YN, WITHDRAWL_AMOUNT, WITHDRAWL_DATE) VALUES('1000-06', 'Y', '35600', parsedatetime('2020-09-12', 'yyyy-MM-dd'))
INSERT INTO ACCOUNT_HISTORY(ACCOUNT_NUM, WITHDRAWL_YN, WITHDRAWL_AMOUNT, WITHDRAWL_DATE) VALUES('1000-07', 'Y', '76100', parsedatetime('2020-01-22', 'yyyy-MM-dd'))
INSERT INTO ACCOUNT_HISTORY(ACCOUNT_NUM, WITHDRAWL_YN, WITHDRAWL_AMOUNT, WITHDRAWL_DATE) VALUES('1000-08', 'Y', '475900', parsedatetime('2020-10-06', 'yyyy-MM-dd'))
INSERT INTO ACCOUNT_HISTORY(ACCOUNT_NUM, WITHDRAWL_YN, WITHDRAWL_AMOUNT, WITHDRAWL_DATE) VALUES('1000-09', 'N', '886600', parsedatetime('2020-04-05', 'yyyy-MM-dd'))
INSERT INTO ACCOUNT_HISTORY(ACCOUNT_NUM, WITHDRAWL_YN, WITHDRAWL_AMOUNT, WITHDRAWL_DATE) VALUES('1000-10', 'N', '267800', parsedatetime('2021-04-18', 'yyyy-MM-dd'))
INSERT INTO ACCOUNT_HISTORY(ACCOUNT_NUM, WITHDRAWL_YN, WITHDRAWL_AMOUNT, WITHDRAWL_DATE) VALUES('1000-11', 'Y', '533800', parsedatetime('2019-01-13', 'yyyy-MM-dd'))
INSERT INTO ACCOUNT_HISTORY(ACCOUNT_NUM, WITHDRAWL_YN, WITHDRAWL_AMOUNT, WITHDRAWL_DATE) VALUES('1000-12', 'Y', '76200', parsedatetime('2021-09-07', 'yyyy-MM-dd'))
INSERT INTO ACCOUNT_HISTORY(ACCOUNT_NUM, WITHDRAWL_YN, WITHDRAWL_AMOUNT, WITHDRAWL_DATE) VALUES('1000-13', 'Y', '966900', parsedatetime('2020-03-04', 'yyyy-MM-dd'))
INSERT INTO ACCOUNT_HISTORY(ACCOUNT_NUM, WITHDRAWL_YN, WITHDRAWL_AMOUNT, WITHDRAWL_DATE) VALUES('1000-14', 'N', '459600', parsedatetime('2019-09-23', 'yyyy-MM-dd'))
INSERT INTO ACCOUNT_HISTORY(ACCOUNT_NUM, WITHDRAWL_YN, WITHDRAWL_AMOUNT, WITHDRAWL_DATE) VALUES('1000-15', 'Y', '292000', parsedatetime('2020-10-30', 'yyyy-MM-dd'))
INSERT INTO ACCOUNT_HISTORY(ACCOUNT_NUM, WITHDRAWL_YN, WITHDRAWL_AMOUNT, WITHDRAWL_DATE) VALUES('1000-16', 'Y', '700200', parsedatetime('2019-06-04', 'yyyy-MM-dd'))
INSERT INTO ACCOUNT_HISTORY(ACCOUNT_NUM, WITHDRAWL_YN, WITHDRAWL_AMOUNT, WITHDRAWL_DATE) VALUES('1000-17', 'Y', '225300', parsedatetime('2019-04-08', 'yyyy-MM-dd'))
INSERT INTO ACCOUNT_HISTORY(ACCOUNT_NUM, WITHDRAWL_YN, WITHDRAWL_AMOUNT, WITHDRAWL_DATE) VALUES('1000-18', 'N', '432300', parsedatetime('2019-07-17', 'yyyy-MM-dd'))
INSERT INTO ACCOUNT_HISTORY(ACCOUNT_NUM, WITHDRAWL_YN, WITHDRAWL_AMOUNT, WITHDRAWL_DATE) VALUES('1000-19', 'Y', '953600', parsedatetime('2019-02-24', 'yyyy-MM-dd'))
INSERT INTO ACCOUNT_HISTORY(ACCOUNT_NUM, WITHDRAWL_YN, WITHDRAWL_AMOUNT, WITHDRAWL_DATE) VALUES('1000-20', 'Y', '828100', parsedatetime('2020-03-08', 'yyyy-MM-dd'))
INSERT INTO ACCOUNT_HISTORY(ACCOUNT_NUM, WITHDRAWL_YN, WITHDRAWL_AMOUNT, WITHDRAWL_DATE) VALUES('1000-21', 'Y', '719900', parsedatetime('2019-06-14', 'yyyy-MM-dd'))
INSERT INTO ACCOUNT_HISTORY(ACCOUNT_NUM, WITHDRAWL_YN, WITHDRAWL_AMOUNT, WITHDRAWL_DATE) VALUES('1000-22', 'Y', '202100', parsedatetime('2019-04-05', 'yyyy-MM-dd'))
INSERT INTO ACCOUNT_HISTORY(ACCOUNT_NUM, WITHDRAWL_YN, WITHDRAWL_AMOUNT, WITHDRAWL_DATE) VALUES('1000-23', 'N', '204200', parsedatetime('2020-08-25', 'yyyy-MM-dd'))
INSERT INTO ACCOUNT_HISTORY(ACCOUNT_NUM, WITHDRAWL_YN, WITHDRAWL_AMOUNT, WITHDRAWL_DATE) VALUES('1000-24', 'Y', '131100', parsedatetime('2020-01-16', 'yyyy-MM-dd'))
INSERT INTO ACCOUNT_HISTORY(ACCOUNT_NUM, WITHDRAWL_YN, WITHDRAWL_AMOUNT, WITHDRAWL_DATE) VALUES('1000-25', 'Y', '987900', parsedatetime('2021-03-09', 'yyyy-MM-dd'))
INSERT INTO ACCOUNT_HISTORY(ACCOUNT_NUM, WITHDRAWL_YN, WITHDRAWL_AMOUNT, WITHDRAWL_DATE) VALUES('1000-26', 'N', '135500', parsedatetime('2019-04-14', 'yyyy-MM-dd'))
INSERT INTO ACCOUNT_HISTORY(ACCOUNT_NUM, WITHDRAWL_YN, WITHDRAWL_AMOUNT, WITHDRAWL_DATE) VALUES('1000-27', 'Y', '92200', parsedatetime('2021-01-02', 'yyyy-MM-dd'))
INSERT INTO ACCOUNT_HISTORY(ACCOUNT_NUM, WITHDRAWL_YN, WITHDRAWL_AMOUNT, WITHDRAWL_DATE) VALUES('1000-28', 'Y', '794600', parsedatetime('2019-06-06', 'yyyy-MM-dd'))
INSERT INTO ACCOUNT_HISTORY(ACCOUNT_NUM, WITHDRAWL_YN, WITHDRAWL_AMOUNT, WITHDRAWL_DATE) VALUES('1000-29', 'Y', '319900', parsedatetime('2020-08-24', 'yyyy-MM-dd'))
INSERT INTO ACCOUNT_HISTORY(ACCOUNT_NUM, WITHDRAWL_YN, WITHDRAWL_AMOUNT, WITHDRAWL_DATE) VALUES('1000-30', 'Y', '260900', parsedatetime('2020-08-08', 'yyyy-MM-dd'))
INSERT INTO ACCOUNT_HISTORY(ACCOUNT_NUM, WITHDRAWL_YN, WITHDRAWL_AMOUNT, WITHDRAWL_DATE) VALUES('1000-31', 'Y', '481200', parsedatetime('2020-06-14', 'yyyy-MM-dd'))
INSERT INTO ACCOUNT_HISTORY(ACCOUNT_NUM, WITHDRAWL_YN, WITHDRAWL_AMOUNT, WITHDRAWL_DATE) VALUES('1000-32', 'Y', '671900', parsedatetime('2020-06-02', 'yyyy-MM-dd'))
INSERT INTO ACCOUNT_HISTORY(ACCOUNT_NUM, WITHDRAWL_YN, WITHDRAWL_AMOUNT, WITHDRAWL_DATE) VALUES('1000-33', 'Y', '304600', parsedatetime('2020-01-25', 'yyyy-MM-dd'))
INSERT INTO ACCOUNT_HISTORY(ACCOUNT_NUM, WITHDRAWL_YN, WITHDRAWL_AMOUNT, WITHDRAWL_DATE) VALUES('1000-34', 'Y', '859700', parsedatetime('2019-11-13', 'yyyy-MM-dd'))
INSERT INTO ACCOUNT_HISTORY(ACCOUNT_NUM, WITHDRAWL_YN, WITHDRAWL_AMOUNT, WITHDRAWL_DATE) VALUES('1000-35', 'Y', '608700', parsedatetime('2019-08-30', 'yyyy-MM-dd'))
INSERT INTO ACCOUNT_HISTORY(ACCOUNT_NUM, WITHDRAWL_YN, WITHDRAWL_AMOUNT, WITHDRAWL_DATE) VALUES('1000-36', 'Y', '29300', parsedatetime('2020-07-22', 'yyyy-MM-dd'))
INSERT INTO ACCOUNT_HISTORY(ACCOUNT_NUM, WITHDRAWL_YN, WITHDRAWL_AMOUNT, WITHDRAWL_DATE) VALUES('1000-37', 'Y', '824300', parsedatetime('2020-11-16', 'yyyy-MM-dd'))
INSERT INTO ACCOUNT_HISTORY(ACCOUNT_NUM, WITHDRAWL_YN, WITHDRAWL_AMOUNT, WITHDRAWL_DATE) VALUES('1000-38', 'Y', '185400', parsedatetime('2019-12-22', 'yyyy-MM-dd'))
INSERT INTO ACCOUNT_HISTORY(ACCOUNT_NUM, WITHDRAWL_YN, WITHDRAWL_AMOUNT, WITHDRAWL_DATE) VALUES('1000-39', 'Y', '240800', parsedatetime('2021-04-03', 'yyyy-MM-dd'))
INSERT INTO ACCOUNT_HISTORY(ACCOUNT_NUM, WITHDRAWL_YN, WITHDRAWL_AMOUNT, WITHDRAWL_DATE) VALUES('1000-40', 'Y', '188600', parsedatetime('2021-06-19', 'yyyy-MM-dd'))
INSERT INTO ACCOUNT_HISTORY(ACCOUNT_NUM, WITHDRAWL_YN, WITHDRAWL_AMOUNT, WITHDRAWL_DATE) VALUES('1000-41', 'Y', '700500', parsedatetime('2019-09-28', 'yyyy-MM-dd'))
INSERT INTO ACCOUNT_HISTORY(ACCOUNT_NUM, WITHDRAWL_YN, WITHDRAWL_AMOUNT, WITHDRAWL_DATE) VALUES('1000-42', 'Y', '569500', parsedatetime('2020-09-18', 'yyyy-MM-dd'))
INSERT INTO ACCOUNT_HISTORY(ACCOUNT_NUM, WITHDRAWL_YN, WITHDRAWL_AMOUNT, WITHDRAWL_DATE) VALUES('1000-43', 'N', '998800', parsedatetime('2021-05-28', 'yyyy-MM-dd'))
INSERT INTO ACCOUNT_HISTORY(ACCOUNT_NUM, WITHDRAWL_YN, WITHDRAWL_AMOUNT, WITHDRAWL_DATE) VALUES('1000-44', 'Y', '112100', parsedatetime('2019-11-02', 'yyyy-MM-dd'))
INSERT INTO ACCOUNT_HISTORY(ACCOUNT_NUM, WITHDRAWL_YN, WITHDRAWL_AMOUNT, WITHDRAWL_DATE) VALUES('1000-45', 'N', '874400', parsedatetime('2021-05-21', 'yyyy-MM-dd'))
INSERT INTO ACCOUNT_HISTORY(ACCOUNT_NUM, WITHDRAWL_YN, WITHDRAWL_AMOUNT, WITHDRAWL_DATE) VALUES('1000-46', 'Y', '438800', parsedatetime('2019-12-17', 'yyyy-MM-dd'))
INSERT INTO ACCOUNT_HISTORY(ACCOUNT_NUM, WITHDRAWL_YN, WITHDRAWL_AMOUNT, WITHDRAWL_DATE) VALUES('1000-47', 'N', '700000', parsedatetime('2021-02-02', 'yyyy-MM-dd'))
INSERT INTO ACCOUNT_HISTORY(ACCOUNT_NUM, WITHDRAWL_YN, WITHDRAWL_AMOUNT, WITHDRAWL_DATE) VALUES('1000-48', 'Y', '910300', parsedatetime('2021-04-14', 'yyyy-MM-dd'))
INSERT INTO ACCOUNT_HISTORY(ACCOUNT_NUM, WITHDRAWL_YN, WITHDRAWL_AMOUNT, WITHDRAWL_DATE) VALUES('1000-49', 'Y', '69400', parsedatetime('2020-08-21', 'yyyy-MM-dd'))
INSERT INTO ACCOUNT_HISTORY(ACCOUNT_NUM, WITHDRAWL_YN, WITHDRAWL_AMOUNT, WITHDRAWL_DATE) VALUES('1000-50', 'N', '448000', parsedatetime('2019-12-16', 'yyyy-MM-dd'))